CustomerID,LocationType,CurrentISP,MonthlyInternetSpeed,MonthlyDataUsage,MonthlyBill,ContractType,ComplaintFrequency,CustomerTenure,ServiceOutages,StarlinkAwareness,Churn
CUST0001,Urban,Dialog,38.3,110.8,2646.0,Postpaid,0,94,0.3,Yes,No
CUST0002,Rural,Dialog,28.1,63.5,3097.0,Postpaid,0,55,1.6,No,No
CUST0003,Rural,Mobitel,18.9,133.7,3772.0,Prepaid,1,84,8.9,Yes,Yes
CUST0004,Urban,Dialog,29.6,16.3,3443.0,Prepaid,0,58,4.5,Yes,No
CUST0005,Urban,Dialog,20.4,115.4,4048.0,Postpaid,0,37,5.9,Yes,No
CUST0006,Urban,Airtel,18.1,120.8,2161.0,Postpaid,0,16,10.4,Yes,Yes
CUST0007,Urban,SLT,13.5,159.7,2758.0,Prepaid,2,95,4.6,No,No
CUST0008,Rural,Airtel,7.5,168.7,3384.0,Postpaid,1,93,4.4,No,Yes
CUST0009,Rural,Dialog,21.1,94.8,5398.0,Prepaid,1,70,8.6,No,Yes
CUST0010,Rural,SLT,26.6,112.5,3386.0,Prepaid,0,93,5.0,No,No
CUST0011,Urban,Dialog,24.0,81.7,4585.0,Postpaid,1,96,6.0,No,No
CUST0012,Rural,Dialog,20.8,63.6,3539.0,Postpaid,0,73,8.0,No,No
CUST0013,Rural,Mobitel,15.5,135.5,3016.0,Postpaid,1,37,5.0,No,No
CUST0014,Urban,Dialog,31.1,56.3,3253.0,Prepaid,0,53,7.4,No,No
CUST0015,Urban,SLT,11.8,99.3,3332.0,Prepaid,0,87,4.7,Yes,No
CUST0016,Urban,SLT,32.8,70.2,4104.0,Postpaid,1,16,7.9,Yes,No
CUST0017,Urban,Dialog,15.0,147.5,4875.0,Prepaid,0,18,6.3,No,No
CUST0018,Urban,Airtel,17.5,210.1,3860.0,Postpaid,1,19,4.3,No,No
CUST0019,Urban,Dialog,10.3,54.9,4687.0,Postpaid,1,44,5.2,No,No
CUST0020,Urban,SLT,20.0,27.3,2535.0,Postpaid,0,2,0.0,No,No
CUST0021,Rural,Mobitel,34.8,113.8,3085.0,Prepaid,1,58,8.6,Yes,No
CUST0022,Urban,SLT,30.2,120.8,2776.0,Postpaid,0,10,1.2,Yes,No
CUST0023,Urban,Mobitel,34.8,130.9,3814.0,Prepaid,1,76,1.8,No,No
CUST0024,Urban,Dialog,30.2,97.7,3141.0,Prepaid,0,46,3.7,Yes,Yes
CUST0025,Urban,SLT,14.0,110.0,4230.0,Prepaid,1,82,0.0,No,No
CUST0026,Rural,Dialog,21.7,138.4,2569.0,Prepaid,2,19,6.4,No,No
CUST0027,Urban,Airtel,17.2,172.0,3543.0,Postpaid,1,38,6.1,No,No
CUST0028,Urban,Mobitel,38.3,22.2,4187.0,Prepaid,0,37,3.5,Yes,No
CUST0029,Urban,Dialog,13.0,101.6,1435.0,Prepaid,2,91,3.0,No,Yes
CUST0030,Urban,SLT,33.9,130.7,5622.0,Postpaid,0,112,2.9,No,No
CUST0031,Rural,Dialog,33.9,74.1,3217.0,Prepaid,0,78,6.8,No,Yes
CUST0032,Urban,SLT,43.3,206.6,1475.0,Postpaid,3,45,0.2,No,No
CUST0033,Urban,SLT,20.9,88.2,3658.0,Prepaid,1,117,3.8,No,No
CUST0034,Rural,Mobitel,32.1,117.9,3533.0,Prepaid,1,34,0.4,Yes,No
CUST0035,Rural,SLT,47.8,147.8,3418.0,Postpaid,1,2,7.3,No,No
CUST0036,Rural,Dialog,18.8,90.4,4491.0,Prepaid,1,44,4.0,No,No
CUST0037,Urban,Dialog,9.6,27.7,4247.0,Postpaid,2,97,6.6,Yes,Yes
CUST0038,Urban,Dialog,6.2,98.6,3798.0,Prepaid,1,83,8.7,Yes,Yes
CUST0039,Rural,Dialog,32.1,171.5,3950.0,Prepaid,1,27,8.8,Yes,No
CUST0040,Urban,Dialog,6.2,103.2,3396.0,Prepaid,0,48,1.9,No,Yes
CUST0041,Urban,Airtel,21.3,77.7,5275.0,Prepaid,1,94,5.9,No,Yes
CUST0042,Urban,SLT,29.4,166.3,2021.0,Prepaid,1,7,8.4,Yes,No
CUST0043,Urban,SLT,26.9,103.5,3640.0,Postpaid,1,27,7.1,No,No
CUST0044,Rural,Dialog,29.3,94.5,3565.0,Prepaid,0,85,7.4,No,No
CUST0045,Urban,Airtel,27.2,127.5,4313.0,Prepaid,1,71,0.0,Yes,Yes
CUST0046,Rural,Airtel,37.8,158.5,2656.0,Prepaid,2,112,7.0,Yes,Yes
CUST0047,Urban,Dialog,15.5,239.1,1756.0,Postpaid,2,89,2.6,Yes,No
CUST0048,Urban,Airtel,18.2,161.4,3657.0,Postpaid,2,102,7.0,No,No
CUST0049,Urban,SLT,17.3,178.0,3781.0,Postpaid,0,18,6.9,Yes,No
CUST0050,Urban,Dialog,33.3,94.7,4990.0,Postpaid,0,33,6.8,No,No
CUST0051,Rural,SLT,34.0,68.7,2230.0,Prepaid,0,33,4.7,No,Yes
CUST0052,Rural,SLT,29.5,123.1,4655.0,Prepaid,2,96,8.9,No,Yes
CUST0053,Rural,Dialog,36.8,125.4,5867.0,Postpaid,2,25,6.5,Yes,No
CUST0054,Rural,Mobitel,13.2,66.1,3122.0,Postpaid,3,14,6.0,No,Yes
CUST0055,Urban,Airtel,41.7,111.2,2209.0,Prepaid,1,38,2.2,No,No
CUST0056,Rural,SLT,40.2,140.0,3093.0,Prepaid,2,38,6.2,Yes,Yes
CUST0057,Urban,SLT,32.4,138.0,3514.0,Postpaid,2,4,10.9,Yes,No
CUST0058,Urban,SLT,42.8,145.2,4064.0,Postpaid,1,108,0.8,No,No
CUST0059,Urban,SLT,8.4,134.5,2909.0,Prepaid,1,62,7.2,No,No
CUST0060,Urban,SLT,19.8,94.6,5055.0,Postpaid,1,82,7.6,Yes,Yes
CUST0061,Urban,Dialog,17.6,94.3,2385.0,Prepaid,0,10,10.2,No,No
CUST0062,Urban,SLT,32.2,60.1,1761.0,Prepaid,0,35,7.2,No,No
CUST0063,Rural,Airtel,14.5,209.2,4607.0,Prepaid,3,99,5.0,No,Yes
CUST0064,Urban,SLT,32.6,120.7,1225.0,Prepaid,1,104,6.3,Yes,No
CUST0065,Urban,Dialog,38.7,108.8,3296.0,Prepaid,1,118,4.2,No,No
CUST0066,Urban,Airtel,32.0,73.6,6618.0,Postpaid,2,23,8.7,Yes,No
CUST0067,Urban,Dialog,27.8,266.8,3488.0,Prepaid,0,89,0.4,No,No
CUST0068,Rural,Dialog,15.1,66.3,2379.0,Postpaid,1,65,3.5,No,No
CUST0069,Urban,Dialog,16.5,98.6,3443.0,Prepaid,0,82,6.3,Yes,Yes
CUST0070,Rural,Dialog,37.5,140.8,3449.0,Prepaid,0,79,8.5,No,Yes
CUST0071,Rural,Airtel,32.8,150.0,3661.0,Postpaid,2,25,5.0,Yes,No
CUST0072,Urban,SLT,24.6,167.9,4162.0,Postpaid,0,96,2.7,No,No
CUST0073,Urban,Dialog,20.8,210.4,2461.0,Postpaid,1,53,4.4,Yes,No
CUST0074,Rural,Airtel,4.7,145.3,5188.0,Postpaid,0,84,3.9,No,No
CUST0075,Rural,Airtel,14.3,67.2,3745.0,Prepaid,0,17,4.0,Yes,Yes
CUST0076,Rural,Airtel,44.1,107.2,4227.0,Prepaid,4,57,3.7,No,No
CUST0077,Rural,Dialog,12.2,135.4,2872.0,Postpaid,0,75,3.7,No,No
CUST0078,Urban,SLT,26.9,223.4,4786.0,Postpaid,0,77,0.0,No,No
CUST0079,Urban,Mobitel,35.1,50.1,3243.0,Postpaid,0,89,5.9,Yes,No
CUST0080,Urban,Airtel,12.5,180.1,3778.0,Postpaid,3,20,7.0,No,No
CUST0081,Rural,Dialog,26.8,129.0,2567.0,Postpaid,2,25,9.5,Yes,Yes
CUST0082,Rural,Dialog,34.4,161.9,2503.0,Prepaid,1,42,7.6,No,No
CUST0083,Urban,SLT,25.1,114.9,4188.0,Postpaid,0,45,7.4,No,No
CUST0084,Urban,Mobitel,53.7,77.9,3056.0,Postpaid,2,113,5.9,No,No
CUST0085,Urban,SLT,8.3,157.5,2646.0,Postpaid,0,31,0.0,No,No
CUST0086,Urban,SLT,35.6,152.7,2857.0,Prepaid,3,117,5.8,Yes,No
CUST0087,Rural,Dialog,23.3,168.6,4199.0,Prepaid,0,65,5.3,No,No
CUST0088,Rural,SLT,32.7,119.3,2871.0,Prepaid,0,52,8.1,Yes,No
CUST0089,Rural,Airtel,29.4,90.0,3382.0,Prepaid,0,80,6.7,No,Yes
CUST0090,Urban,Dialog,17.7,42.1,3515.0,Postpaid,0,112,4.6,No,No
CUST0091,Urban,Airtel,27.3,161.0,1583.0,Prepaid,0,92,10.9,No,No
CUST0092,Rural,Mobitel,6.4,141.2,2029.0,Prepaid,1,21,7.5,No,Yes
CUST0093,Rural,Dialog,31.0,71.7,3836.0,Prepaid,1,30,6.0,Yes,No
CUST0094,Urban,SLT,28.0,93.1,2763.0,Postpaid,1,3,6.4,No,Yes
CUST0095,Rural,Dialog,31.4,96.7,4557.0,Postpaid,1,98,5.2,Yes,Yes
CUST0096,Urban,Airtel,35.6,45.9,4467.0,Prepaid,3,70,5.0,No,No
CUST0097,Urban,SLT,28.7,79.1,4219.0,Prepaid,2,43,0.0,No,No
CUST0098,Urban,SLT,26.5,63.3,5320.0,Prepaid,2,29,2.3,Yes,No
CUST0099,Urban,Airtel,16.2,99.4,3417.0,Postpaid,3,3,3.4,Yes,No
CUST0100,Urban,Dialog,17.9,83.1,4149.0,Prepaid,2,58,6.4,Yes,No
CUST0101,Urban,Mobitel,36.9,38.6,2916.0,Postpaid,1,33,0.0,No,No
CUST0102,Rural,SLT,39.4,221.1,5952.0,Prepaid,0,75,3.4,Yes,No
CUST0103,Urban,Dialog,22.6,182.6,5484.0,Prepaid,0,45,3.1,No,No
CUST0104,Urban,SLT,25.5,81.0,3512.0,Postpaid,0,69,5.4,No,No
CUST0105,Rural,Airtel,16.0,133.6,3887.0,Prepaid,0,114,6.4,Yes,Yes
CUST0106,Urban,Dialog,36.7,140.9,4859.0,Postpaid,1,32,3.1,No,No
CUST0107,Urban,Airtel,31.7,179.6,3353.0,Prepaid,2,111,3.3,No,No
CUST0108,Rural,Mobitel,44.4,79.1,2843.0,Postpaid,0,82,3.0,Yes,No
CUST0109,Urban,Dialog,16.2,174.6,4374.0,Postpaid,3,111,3.8,No,No
CUST0110,Urban,Mobitel,21.2,92.6,3578.0,Postpaid,5,84,4.8,Yes,Yes
CUST0111,Urban,Dialog,27.3,53.2,3683.0,Prepaid,2,52,8.9,Yes,No
CUST0112,Urban,Dialog,31.5,156.2,2666.0,Prepaid,0,64,2.0,No,No
CUST0113,Rural,Dialog,22.8,184.5,1782.0,Prepaid,1,116,10.3,No,Yes
CUST0114,Rural,Airtel,16.3,249.4,3736.0,Postpaid,0,103,1.3,No,No
CUST0115,Rural,SLT,33.8,60.0,4405.0,Postpaid,0,113,7.9,No,No
CUST0116,Rural,Dialog,32.2,154.9,3274.0,Prepaid,1,40,3.6,No,No
CUST0117,Rural,SLT,15.8,99.5,4936.0,Prepaid,0,92,2.3,Yes,Yes
CUST0118,Urban,SLT,38.6,159.2,2796.0,Prepaid,0,13,9.0,Yes,No
CUST0119,Rural,Dialog,36.7,46.5,2445.0,Prepaid,1,90,5.2,Yes,No
CUST0120,Urban,Airtel,26.3,56.9,3433.0,Prepaid,0,80,5.1,No,No
CUST0121,Rural,Airtel,25.8,81.2,3417.0,Prepaid,1,89,4.2,No,No
CUST0122,Rural,SLT,30.5,123.9,4270.0,Postpaid,0,74,3.3,Yes,Yes
CUST0123,Urban,Mobitel,16.4,87.9,2725.0,Postpaid,0,29,4.5,Yes,No
CUST0124,Urban,SLT,25.3,153.0,4868.0,Postpaid,0,110,0.0,No,No
CUST0125,Urban,Mobitel,3.5,171.3,5467.0,Prepaid,2,63,0.0,Yes,No
CUST0126,Urban,SLT,33.8,150.0,3461.0,Postpaid,0,102,6.2,No,No
CUST0127,Rural,SLT,9.4,200.9,4750.0,Postpaid,1,84,8.5,No,No
CUST0128,Rural,Dialog,40.0,140.8,2444.0,Prepaid,0,118,9.1,No,No
CUST0129,Urban,Airtel,21.7,59.2,4575.0,Postpaid,1,26,2.1,Yes,No
CUST0130,Urban,SLT,22.9,188.2,4547.0,Prepaid,0,96,5.6,No,No
CUST0131,Urban,Dialog,18.7,89.7,4363.0,Prepaid,2,103,0.0,Yes,No
CUST0132,Urban,Dialog,22.1,165.5,3484.0,Prepaid,3,102,3.9,No,No
CUST0133,Urban,SLT,39.2,198.7,546.0,Prepaid,1,59,7.5,Yes,Yes
CUST0134,Urban,SLT,1.0,142.8,2858.0,Postpaid,1,49,4.9,No,Yes
CUST0135,Rural,Airtel,37.8,45.2,2874.0,Prepaid,0,53,4.0,No,No
CUST0136,Urban,Airtel,28.4,74.1,2522.0,Prepaid,1,88,5.0,Yes,Yes
CUST0137,Urban,Dialog,12.9,186.1,3622.0,Prepaid,1,31,8.8,No,No
CUST0138,Rural,Airtel,14.2,111.5,3081.0,Postpaid,1,104,4.3,No,No
CUST0139,Urban,Dialog,41.8,124.0,2675.0,Prepaid,0,12,5.2,Yes,No
CUST0140,Rural,Airtel,15.5,157.9,2441.0,Postpaid,2,58,9.6,Yes,No
CUST0141,Rural,Airtel,13.5,154.8,2784.0,Postpaid,0,36,4.3,No,No
CUST0142,Urban,SLT,36.4,133.9,4621.0,Prepaid,1,10,0.1,No,No
CUST0143,Urban,Airtel,28.4,109.6,2839.0,Prepaid,2,6,9.1,No,No
CUST0144,Urban,Dialog,15.6,104.4,2985.0,Postpaid,0,7,8.0,No,No
CUST0145,Urban,SLT,27.2,162.9,3043.0,Prepaid,0,117,0.0,No,No
CUST0146,Urban,Airtel,14.7,147.7,3839.0,Prepaid,0,31,4.6,No,Yes
CUST0147,Rural,SLT,36.0,107.1,3956.0,Postpaid,3,91,4.9,No,Yes
CUST0148,Urban,Dialog,35.6,174.1,500.0,Prepaid,0,72,9.1,Yes,Yes
CUST0149,Urban,SLT,30.3,113.5,4522.0,Prepaid,1,3,5.0,No,Yes
CUST0150,Urban,Airtel,28.6,77.4,4936.0,Prepaid,1,104,5.5,Yes,No
CUST0151,Rural,Dialog,42.6,82.1,2450.0,Prepaid,2,47,5.6,Yes,No
CUST0152,Urban,Dialog,25.0,71.1,2528.0,Postpaid,0,85,3.6,No,No
CUST0153,Urban,Airtel,13.2,106.4,3050.0,Postpaid,1,1,8.9,No,Yes
CUST0154,Urban,Airtel,29.5,181.7,2744.0,Postpaid,2,45,2.6,Yes,No
CUST0155,Rural,Dialog,45.9,79.7,3724.0,Postpaid,1,54,3.5,Yes,No
CUST0156,Urban,Dialog,14.9,129.4,1553.0,Prepaid,0,50,5.0,No,No
CUST0157,Rural,Dialog,21.4,87.2,2382.0,Prepaid,0,79,1.0,No,No
CUST0158,Rural,Dialog,29.2,107.0,5039.0,Prepaid,2,7,10.3,No,Yes
CUST0159,Urban,SLT,24.5,44.5,2572.0,Prepaid,0,63,5.0,No,No
CUST0160,Rural,Airtel,15.2,109.0,4743.0,Postpaid,3,15,7.5,Yes,Yes
CUST0161,Urban,SLT,36.2,110.3,3855.0,Postpaid,2,89,2.1,Yes,Yes
CUST0162,Rural,SLT,48.2,147.0,1691.0,Prepaid,1,67,7.1,Yes,No
CUST0163,Rural,Dialog,27.0,131.2,4135.0,Prepaid,1,30,7.4,Yes,No
CUST0164,Urban,Airtel,16.0,60.1,3382.0,Prepaid,0,78,7.8,No,Yes
CUST0165,Urban,SLT,9.5,174.2,3045.0,Prepaid,3,116,10.7,Yes,Yes
CUST0166,Rural,Mobitel,27.6,130.5,3745.0,Prepaid,1,68,3.3,Yes,No
CUST0167,Urban,SLT,36.0,129.9,3975.0,Postpaid,0,36,4.4,No,No
CUST0168,Urban,Dialog,29.8,119.5,4208.0,Postpaid,1,67,2.5,No,No
CUST0169,Urban,SLT,25.0,94.1,4678.0,Postpaid,1,5,4.7,No,No
CUST0170,Urban,Dialog,19.1,130.9,3908.0,Prepaid,2,25,7.0,No,No
CUST0171,Rural,SLT,14.1,143.8,2124.0,Prepaid,4,95,6.8,Yes,Yes
CUST0172,Urban,Dialog,33.3,32.7,3026.0,Postpaid,0,11,9.9,No,No
CUST0173,Urban,Dialog,34.1,93.1,6443.0,Postpaid,0,72,6.5,Yes,No
CUST0174,Urban,Airtel,9.5,107.3,4224.0,Postpaid,0,90,5.0,No,No
CUST0175,Rural,Dialog,40.9,132.8,5869.0,Postpaid,0,66,1.7,No,No
CUST0176,Urban,Airtel,30.7,179.7,4895.0,Postpaid,1,28,7.6,No,No
CUST0177,Rural,Dialog,39.0,81.4,3742.0,Postpaid,0,112,4.5,No,No
CUST0178,Urban,SLT,11.6,95.1,3801.0,Prepaid,0,60,7.7,No,No
CUST0179,Rural,SLT,11.3,94.4,3463.0,Postpaid,2,10,3.7,No,Yes
CUST0180,Urban,SLT,23.5,79.9,1762.0,Prepaid,1,50,8.6,Yes,No
CUST0181,Urban,Dialog,30.0,102.6,3518.0,Prepaid,2,39,6.2,No,No
CUST0182,Urban,Dialog,43.0,158.5,4711.0,Postpaid,2,37,8.0,Yes,No
CUST0183,Rural,Dialog,32.1,67.3,2900.0,Prepaid,1,63,6.2,No,No
CUST0184,Rural,Dialog,22.6,141.4,3912.0,Prepaid,0,61,2.2,Yes,No
CUST0185,Urban,SLT,14.7,34.9,4352.0,Prepaid,0,103,3.9,Yes,No
CUST0186,Rural,Mobitel,37.3,91.9,2590.0,Prepaid,0,85,1.2,No,No
CUST0187,Rural,Airtel,15.4,103.5,3049.0,Prepaid,0,92,5.6,Yes,No
CUST0188,Urban,Airtel,41.3,203.7,2482.0,Prepaid,1,38,0.6,No,Yes
CUST0189,Urban,Airtel,22.2,106.3,2678.0,Prepaid,1,33,5.9,Yes,No
CUST0190,Urban,SLT,40.9,9.9,2212.0,Prepaid,6,75,0.0,No,No
CUST0191,Urban,Dialog,31.8,20.1,2600.0,Postpaid,0,45,7.4,No,No
CUST0192,Rural,Mobitel,23.6,121.7,4919.0,Prepaid,1,44,1.7,No,No
CUST0193,Rural,SLT,19.8,150.7,2585.0,Prepaid,0,1,2.1,Yes,Yes
CUST0194,Rural,SLT,21.6,138.8,3626.0,Postpaid,0,53,9.1,Yes,Yes
CUST0195,Urban,Dialog,29.3,128.4,2997.0,Postpaid,2,47,6.0,No,No
CUST0196,Urban,SLT,25.8,178.1,4679.0,Postpaid,5,33,7.5,Yes,No
CUST0197,Rural,SLT,19.1,93.0,4811.0,Prepaid,0,67,2.0,Yes,Yes
CUST0198,Rural,Airtel,23.3,164.7,4364.0,Postpaid,3,90,7.9,No,Yes
CUST0199,Rural,SLT,25.8,38.4,3806.0,Postpaid,0,15,4.6,No,No
CUST0200,Rural,Dialog,3.7,74.8,3269.0,Postpaid,1,105,5.4,Yes,No
CUST0201,Rural,Mobitel,29.6,29.6,2308.0,Postpaid,0,14,9.5,Yes,Yes
CUST0202,Urban,Dialog,15.2,106.3,5444.0,Postpaid,0,23,1.5,Yes,No
CUST0203,Urban,SLT,13.5,117.7,2740.0,Postpaid,0,54,7.7,No,No
CUST0204,Rural,Dialog,8.1,125.7,4164.0,Postpaid,1,8,6.2,Yes,Yes
CUST0205,Rural,Airtel,7.1,123.1,4560.0,Prepaid,0,54,4.4,No,No
CUST0206,Urban,Mobitel,11.4,73.6,2945.0,Postpaid,1,36,1.7,Yes,No
CUST0207,Urban,Dialog,17.9,110.5,4538.0,Postpaid,0,84,4.3,Yes,Yes
CUST0208,Rural,Airtel,44.5,45.1,4264.0,Prepaid,0,52,2.5,No,Yes
CUST0209,Urban,Dialog,19.7,188.2,5228.0,Postpaid,0,6,8.6,Yes,No
CUST0210,Urban,Mobitel,26.8,104.8,3031.0,Prepaid,0,97,5.3,No,No
CUST0211,Urban,Airtel,29.0,95.6,2214.0,Prepaid,0,28,3.0,No,No
CUST0212,Rural,Airtel,26.3,199.4,2995.0,Postpaid,1,50,0.7,Yes,Yes
CUST0213,Rural,Dialog,24.2,57.9,3709.0,Prepaid,0,38,3.6,No,No
CUST0214,Urban,Mobitel,13.0,63.7,3558.0,Prepaid,1,30,8.7,Yes,Yes
CUST0215,Rural,Airtel,39.5,65.2,3107.0,Prepaid,2,110,5.3,Yes,No
CUST0216,Urban,Dialog,43.1,116.6,1591.0,Prepaid,1,107,4.5,Yes,No
CUST0217,Urban,Airtel,8.2,141.6,3970.0,Prepaid,0,81,10.1,No,No
CUST0218,Rural,Dialog,14.8,157.0,5472.0,Prepaid,1,73,3.8,Yes,Yes
CUST0219,Rural,Airtel,22.2,248.6,3964.0,Prepaid,2,92,2.6,No,Yes
CUST0220,Rural,Dialog,15.4,7.5,4109.0,Postpaid,1,54,6.2,No,Yes
CUST0221,Rural,Airtel,30.1,150.4,4072.0,Postpaid,3,71,6.3,Yes,No
CUST0222,Urban,SLT,17.7,92.1,3897.0,Prepaid,1,46,3.2,No,Yes
CUST0223,Urban,Dialog,46.7,90.7,4432.0,Postpaid,0,28,2.6,No,No
CUST0224,Urban,Dialog,36.9,89.0,3895.0,Prepaid,1,17,9.3,No,No
CUST0225,Urban,Dialog,27.1,74.6,3187.0,Prepaid,1,104,3.7,No,No
CUST0226,Urban,SLT,35.3,204.2,2704.0,Prepaid,1,48,0.6,No,No
CUST0227,Rural,Dialog,36.1,162.1,3251.0,Postpaid,0,44,5.6,Yes,No
CUST0228,Urban,SLT,19.4,121.2,3814.0,Postpaid,0,108,7.7,No,No
CUST0229,Rural,Dialog,16.8,187.6,3184.0,Prepaid,1,60,4.4,No,No
CUST0230,Rural,Dialog,25.8,44.4,3814.0,Prepaid,1,60,6.6,No,No
CUST0231,Rural,Airtel,33.6,53.5,3939.0,Prepaid,0,5,1.9,No,No
CUST0232,Urban,Dialog,26.4,11.1,4333.0,Postpaid,0,69,6.9,No,No
CUST0233,Urban,Mobitel,9.2,85.0,4783.0,Postpaid,1,78,2.1,No,No
CUST0234,Urban,Airtel,17.0,128.1,3578.0,Prepaid,1,70,5.9,No,No
CUST0235,Urban,SLT,24.3,125.1,2192.0,Postpaid,2,7,7.3,Yes,No
CUST0236,Rural,SLT,24.2,127.5,3155.0,Prepaid,1,119,5.3,No,No
CUST0237,Urban,Airtel,44.7,49.4,3544.0,Postpaid,0,53,1.3,Yes,Yes
CUST0238,Urban,Dialog,11.1,160.2,1664.0,Postpaid,0,17,1.4,No,Yes
CUST0239,Rural,Dialog,30.1,132.0,4889.0,Prepaid,0,59,9.8,Yes,No
CUST0240,Urban,Dialog,39.9,156.7,3642.0,Postpaid,1,9,2.7,Yes,No
CUST0241,Rural,Airtel,47.7,25.4,3881.0,Postpaid,0,95,7.3,Yes,Yes
CUST0242,Rural,Dialog,21.0,135.6,4866.0,Prepaid,0,22,5.4,No,No
CUST0243,Rural,SLT,29.9,60.6,2870.0,Prepaid,0,45,2.0,Yes,No
CUST0244,Urban,Mobitel,30.7,100.1,4074.0,Postpaid,0,73,3.4,No,No
CUST0245,Urban,Airtel,27.0,146.7,3390.0,Prepaid,1,59,10.1,Yes,No
CUST0246,Rural,SLT,24.0,124.6,3316.0,Prepaid,1,80,15.5,No,No
CUST0247,Urban,Dialog,29.4,77.4,2728.0,Prepaid,2,100,4.0,Yes,No
CUST0248,Rural,Airtel,1.0,120.3,5166.0,Postpaid,2,98,3.8,Yes,Yes
CUST0249,Rural,SLT,31.8,43.4,3124.0,Postpaid,2,109,0.1,No,No
CUST0250,Rural,Dialog,26.3,177.5,4199.0,Postpaid,2,13,0.1,No,No
CUST0251,Urban,Dialog,22.8,109.7,1625.0,Postpaid,3,83,2.4,Yes,No
CUST0252,Urban,Mobitel,45.5,175.9,4680.0,Prepaid,1,12,3.7,No,No
CUST0253,Rural,SLT,18.3,93.7,4552.0,Postpaid,1,36,4.9,No,No
CUST0254,Urban,Airtel,21.0,93.8,3597.0,Postpaid,0,10,7.1,Yes,Yes
CUST0255,Urban,Airtel,44.9,81.8,3273.0,Prepaid,1,16,5.7,Yes,No
CUST0256,Urban,SLT,16.7,163.8,3900.0,Prepaid,2,92,7.1,No,No
CUST0257,Rural,SLT,19.5,84.5,5789.0,Prepaid,0,19,3.2,Yes,No
CUST0258,Rural,SLT,23.5,152.2,1737.0,Postpaid,1,104,4.8,No,No
CUST0259,Urban,Dialog,33.4,100.9,4282.0,Postpaid,2,6,3.9,No,No
CUST0260,Urban,SLT,27.1,21.2,2588.0,Postpaid,0,4,1.2,No,No
CUST0261,Rural,Airtel,12.1,91.5,3480.0,Postpaid,1,30,0.0,No,No
CUST0262,Rural,SLT,19.7,61.0,3252.0,Prepaid,0,103,3.0,No,No
CUST0263,Urban,Airtel,18.9,121.7,3072.0,Postpaid,0,95,0.0,Yes,No
CUST0264,Urban,SLT,24.2,60.5,3490.0,Postpaid,2,46,1.6,No,Yes
CUST0265,Rural,SLT,29.3,166.3,2366.0,Prepaid,2,27,6.6,No,No
CUST0266,Rural,SLT,29.2,115.4,4529.0,Postpaid,3,45,5.5,Yes,No
CUST0267,Rural,SLT,7.2,111.1,1706.0,Prepaid,3,85,5.1,No,Yes
CUST0268,Rural,Airtel,35.6,152.8,4040.0,Postpaid,0,37,8.5,Yes,No
CUST0269,Urban,Dialog,27.5,168.2,3173.0,Postpaid,1,9,2.8,Yes,Yes
CUST0270,Urban,SLT,38.8,119.0,2329.0,Postpaid,1,61,7.0,No,No
CUST0271,Rural,Dialog,29.4,81.4,3702.0,Postpaid,1,35,2.6,No,No
CUST0272,Rural,Dialog,36.0,31.3,1943.0,Prepaid,2,106,5.8,No,No
CUST0273,Rural,SLT,29.7,85.7,3540.0,Postpaid,1,47,5.5,Yes,Yes
CUST0274,Rural,SLT,38.5,89.1,2077.0,Prepaid,0,116,5.6,No,No
CUST0275,Urban,Mobitel,30.2,125.4,3961.0,Postpaid,0,21,3.8,Yes,No
CUST0276,Urban,SLT,24.0,102.7,2576.0,Postpaid,0,17,6.0,No,No
CUST0277,Rural,Airtel,47.7,154.4,3049.0,Postpaid,1,55,6.2,No,Yes
CUST0278,Rural,SLT,33.9,89.4,3794.0,Prepaid,1,88,0.7,No,No
CUST0279,Rural,SLT,30.7,117.1,2727.0,Postpaid,1,95,7.5,No,No
CUST0280,Rural,Dialog,12.2,179.2,3442.0,Postpaid,2,6,1.3,No,Yes
CUST0281,Rural,Dialog,12.1,137.1,1986.0,Postpaid,0,35,2.4,No,Yes
CUST0282,Urban,Dialog,27.9,117.0,4131.0,Prepaid,1,50,5.7,No,No
CUST0283,Urban,SLT,26.5,89.9,5265.0,Prepaid,0,37,6.8,No,No
CUST0284,Urban,Dialog,18.9,88.3,6292.0,Prepaid,1,13,5.7,No,No
CUST0285,Urban,Dialog,26.4,77.5,3591.0,Postpaid,1,25,6.0,No,No
CUST0286,Urban,Dialog,40.9,92.9,4288.0,Postpaid,0,96,1.6,No,No
CUST0287,Urban,Mobitel,32.0,157.8,1719.0,Postpaid,0,1,3.4,Yes,No
CUST0288,Urban,Dialog,13.6,108.9,5003.0,Prepaid,0,49,0.0,Yes,Yes
CUST0289,Urban,SLT,23.9,52.5,4276.0,Prepaid,2,35,2.2,No,No
CUST0290,Urban,Dialog,17.0,208.4,3016.0,Postpaid,2,83,1.0,No,No
CUST0291,Urban,SLT,21.1,136.0,4737.0,Postpaid,1,53,5.0,No,No
CUST0292,Urban,Dialog,20.9,49.7,3246.0,Postpaid,1,52,12.1,Yes,No
CUST0293,Rural,Dialog,20.2,97.9,3042.0,Postpaid,0,54,7.3,Yes,No
CUST0294,Urban,SLT,12.4,125.5,3975.0,Prepaid,0,76,0.0,No,Yes
CUST0295,Urban,Dialog,23.7,205.2,2437.0,Postpaid,2,104,0.4,No,No
CUST0296,Urban,Dialog,19.4,64.6,4522.0,Postpaid,0,104,1.1,Yes,No
CUST0297,Rural,Dialog,1.0,168.8,2444.0,Prepaid,3,47,0.0,No,Yes
CUST0298,Urban,Dialog,45.5,190.0,2450.0,Prepaid,1,43,4.2,No,No
CUST0299,Rural,Dialog,35.9,88.6,2590.0,Prepaid,0,20,5.7,Yes,No
CUST0300,Urban,Dialog,21.2,106.1,4260.0,Prepaid,0,33,1.1,Yes,No
CUST0301,Urban,Airtel,25.2,68.2,2883.0,Postpaid,1,93,4.3,Yes,No
CUST0302,Urban,SLT,13.3,109.8,2152.0,Prepaid,1,16,5.7,Yes,No
CUST0303,Urban,SLT,42.0,118.2,2894.0,Prepaid,0,78,7.1,No,No
CUST0304,Rural,Dialog,44.0,153.0,3468.0,Prepaid,1,7,5.5,Yes,No
CUST0305,Rural,Mobitel,26.6,174.5,2319.0,Postpaid,0,70,6.0,Yes,No
CUST0306,Rural,Dialog,35.2,82.6,2348.0,Prepaid,1,21,4.9,No,No
CUST0307,Urban,Dialog,26.8,21.6,5611.0,Postpaid,4,36,2.0,No,Yes
CUST0308,Urban,SLT,11.6,118.9,2639.0,Prepaid,1,86,2.6,No,No
CUST0309,Rural,Dialog,20.9,134.7,3177.0,Prepaid,0,104,1.0,Yes,No
CUST0310,Urban,Dialog,26.3,132.5,3133.0,Prepaid,0,54,9.5,No,No
CUST0311,Urban,SLT,20.5,103.7,3079.0,Prepaid,0,19,0.6,No,No
CUST0312,Urban,Airtel,22.8,126.2,4121.0,Prepaid,1,25,7.9,No,No
CUST0313,Urban,SLT,24.1,195.8,4448.0,Prepaid,1,67,0.6,No,No
CUST0314,Rural,Airtel,24.2,139.1,3194.0,Postpaid,2,100,7.3,No,No
CUST0315,Rural,Mobitel,25.5,101.3,2264.0,Postpaid,1,109,7.9,No,Yes
CUST0316,Rural,Dialog,14.4,95.0,4774.0,Prepaid,0,53,8.5,No,Yes
CUST0317,Urban,Dialog,17.8,111.5,3405.0,Prepaid,2,98,1.9,Yes,No
CUST0318,Urban,Dialog,12.2,201.8,5230.0,Postpaid,0,75,5.5,Yes,No
CUST0319,Urban,SLT,34.8,110.8,1254.0,Postpaid,0,48,3.2,Yes,No
CUST0320,Urban,SLT,3.9,119.0,3695.0,Prepaid,2,42,2.3,Yes,No
CUST0321,Urban,Mobitel,36.5,95.9,5419.0,Postpaid,2,47,5.1,Yes,No
CUST0322,Rural,Airtel,38.9,174.9,3147.0,Postpaid,3,91,7.4,No,Yes
CUST0323,Rural,SLT,22.0,218.0,3275.0,Postpaid,2,42,3.2,Yes,Yes
CUST0324,Urban,Dialog,1.0,142.5,3796.0,Prepaid,0,2,6.0,No,Yes
CUST0325,Rural,Airtel,21.4,124.1,2941.0,Prepaid,1,6,2.3,No,No
CUST0326,Rural,Mobitel,24.4,121.8,3188.0,Prepaid,1,46,1.9,Yes,Yes
CUST0327,Urban,Airtel,14.9,1.0,3162.0,Postpaid,0,66,4.0,No,No
CUST0328,Rural,Dialog,19.8,157.3,2873.0,Postpaid,0,106,4.2,Yes,No
CUST0329,Urban,SLT,40.3,126.7,4729.0,Prepaid,0,81,7.0,No,No
CUST0330,Urban,Dialog,31.6,141.4,3961.0,Postpaid,0,40,1.2,No,No
CUST0331,Urban,Dialog,15.8,84.4,3751.0,Postpaid,1,58,11.5,Yes,Yes
CUST0332,Rural,Dialog,9.0,100.8,4309.0,Postpaid,2,112,0.0,No,No
CUST0333,Urban,SLT,21.7,99.4,3236.0,Postpaid,1,78,5.7,No,No
CUST0334,Urban,SLT,22.9,171.1,2726.0,Postpaid,1,74,4.1,Yes,No
CUST0335,Urban,Dialog,30.0,101.1,2897.0,Prepaid,0,109,3.1,No,No
CUST0336,Urban,Dialog,19.6,224.1,3502.0,Postpaid,0,33,4.5,No,No
CUST0337,Rural,SLT,30.1,141.5,2441.0,Postpaid,0,106,7.0,Yes,No
CUST0338,Rural,Dialog,44.4,56.2,3000.0,Prepaid,1,62,7.5,No,No
CUST0339,Urban,Dialog,33.2,113.6,2984.0,Prepaid,4,118,4.3,Yes,No
CUST0340,Urban,SLT,24.5,87.4,5625.0,Postpaid,1,12,6.0,No,No
CUST0341,Urban,Airtel,23.2,10.3,726.0,Prepaid,3,96,1.0,Yes,No
CUST0342,Urban,Dialog,21.4,200.0,3320.0,Postpaid,1,49,4.4,No,No
CUST0343,Urban,Dialog,36.8,155.2,5226.0,Prepaid,0,88,6.2,No,No
CUST0344,Urban,Dialog,18.7,146.7,3622.0,Prepaid,1,78,0.0,Yes,No
CUST0345,Urban,Mobitel,25.5,128.3,4253.0,Prepaid,1,5,5.2,Yes,Yes
CUST0346,Rural,SLT,25.5,50.9,3600.0,Prepaid,2,51,4.5,Yes,No
CUST0347,Rural,SLT,20.0,95.8,2833.0,Postpaid,2,69,8.8,No,No
CUST0348,Urban,Dialog,11.3,162.1,1258.0,Postpaid,1,111,5.5,Yes,No
CUST0349,Urban,SLT,28.2,67.4,3705.0,Prepaid,0,32,6.4,No,No
CUST0350,Rural,Dialog,24.4,1.0,2724.0,Prepaid,1,109,4.2,No,No
CUST0351,Urban,SLT,30.0,108.6,2700.0,Prepaid,2,49,6.9,No,No
CUST0352,Rural,Mobitel,19.7,112.9,3001.0,Prepaid,0,97,6.7,Yes,Yes
CUST0353,Rural,SLT,37.2,126.8,5245.0,Postpaid,1,60,1.1,Yes,No
CUST0354,Urban,Airtel,16.2,156.4,5905.0,Prepaid,1,46,5.9,No,No
CUST0355,Urban,Airtel,42.1,151.9,3717.0,Prepaid,1,68,8.5,No,No
CUST0356,Rural,Dialog,7.5,132.9,3035.0,Prepaid,0,94,8.0,No,No
CUST0357,Urban,Mobitel,29.3,179.8,2323.0,Prepaid,0,41,5.1,No,No
CUST0358,Urban,Dialog,29.8,44.1,3969.0,Prepaid,0,81,6.0,Yes,No
CUST0359,Rural,SLT,17.0,145.2,5283.0,Prepaid,0,67,7.7,No,No
CUST0360,Urban,Dialog,29.2,151.3,3253.0,Postpaid,0,13,1.6,Yes,No
CUST0361,Urban,Dialog,37.8,58.0,1121.0,Postpaid,2,108,6.4,No,No
CUST0362,Rural,SLT,2.8,44.9,4170.0,Postpaid,3,112,0.0,No,No
CUST0363,Urban,Dialog,30.0,82.7,4485.0,Prepaid,1,100,7.6,Yes,Yes
CUST0364,Urban,SLT,1.0,86.9,1914.0,Prepaid,0,18,3.8,No,No
CUST0365,Rural,SLT,15.3,157.7,3676.0,Postpaid,2,87,4.7,No,No
CUST0366,Urban,Dialog,41.3,89.3,3951.0,Postpaid,1,99,3.3,No,No
CUST0367,Rural,Dialog,19.2,77.2,3427.0,Postpaid,0,113,4.9,Yes,Yes
CUST0368,Rural,SLT,13.3,89.4,2709.0,Prepaid,0,97,5.8,Yes,Yes
CUST0369,Urban,Dialog,23.0,175.9,4516.0,Prepaid,3,51,7.3,Yes,Yes
CUST0370,Urban,Airtel,45.7,120.7,3097.0,Postpaid,1,118,8.9,Yes,Yes
CUST0371,Urban,SLT,6.7,111.0,2015.0,Postpaid,0,36,5.1,No,No
CUST0372,Urban,Airtel,14.5,114.5,1451.0,Postpaid,1,81,0.0,No,Yes
CUST0373,Urban,SLT,40.0,184.6,4761.0,Postpaid,0,103,8.9,Yes,No
CUST0374,Rural,SLT,43.6,82.5,4117.0,Postpaid,1,34,0.6,No,No
CUST0375,Urban,SLT,24.0,185.8,3588.0,Postpaid,0,12,3.7,No,No
CUST0376,Urban,Dialog,12.6,130.5,3060.0,Postpaid,0,5,3.5,Yes,No
CUST0377,Rural,Dialog,46.0,112.0,2971.0,Postpaid,0,48,5.0,Yes,No
CUST0378,Urban,Airtel,40.9,245.0,2424.0,Postpaid,0,104,1.2,Yes,No
CUST0379,Rural,SLT,31.8,67.2,3069.0,Prepaid,0,119,1.1,No,No
CUST0380,Urban,Airtel,16.9,102.3,1380.0,Prepaid,1,91,4.9,No,No
CUST0381,Urban,Airtel,24.5,58.4,2764.0,Postpaid,1,40,2.6,No,No
CUST0382,Rural,Airtel,23.4,167.6,3189.0,Prepaid,1,13,9.0,Yes,No
CUST0383,Rural,Mobitel,28.3,204.5,4110.0,Postpaid,0,26,3.3,No,Yes
CUST0384,Rural,SLT,39.5,203.5,3460.0,Prepaid,1,14,1.9,Yes,No
CUST0385,Rural,Dialog,33.8,181.2,4295.0,Prepaid,0,96,10.0,No,Yes
CUST0386,Rural,SLT,14.2,110.1,4849.0,Postpaid,0,11,6.4,No,No
CUST0387,Urban,Dialog,38.8,101.7,4558.0,Prepaid,1,38,13.2,Yes,Yes
CUST0388,Urban,SLT,28.1,36.4,3971.0,Prepaid,2,80,0.0,No,No
CUST0389,Rural,Airtel,31.9,221.8,3512.0,Prepaid,1,119,5.6,No,No
CUST0390,Rural,SLT,39.7,143.4,2519.0,Postpaid,0,57,6.5,No,Yes
CUST0391,Rural,Dialog,13.9,95.4,4240.0,Prepaid,0,22,5.1,Yes,No
CUST0392,Urban,Dialog,24.6,186.4,5180.0,Postpaid,0,111,3.9,No,Yes
CUST0393,Urban,SLT,19.7,71.4,3842.0,Prepaid,0,16,8.7,No,No
CUST0394,Rural,Dialog,9.3,140.3,5417.0,Postpaid,0,77,6.4,No,Yes
CUST0395,Urban,Airtel,28.5,111.4,1974.0,Prepaid,0,76,0.0,Yes,No
CUST0396,Rural,Dialog,50.1,151.9,2346.0,Prepaid,3,82,2.4,No,No
CUST0397,Rural,Dialog,6.6,116.8,4355.0,Prepaid,1,29,1.5,Yes,No
CUST0398,Urban,Dialog,24.7,47.5,3764.0,Prepaid,0,82,4.6,No,No
CUST0399,Rural,SLT,31.4,123.8,4814.0,Postpaid,0,110,7.8,Yes,No
CUST0400,Rural,SLT,26.2,172.4,3485.0,Prepaid,2,2,3.9,Yes,No
CUST0401,Urban,Dialog,23.9,118.5,2632.0,Prepaid,0,54,4.2,No,No
CUST0402,Rural,Dialog,12.0,158.8,3286.0,Postpaid,1,2,2.1,No,Yes
CUST0403,Urban,SLT,27.3,67.7,1967.0,Prepaid,0,3,7.3,No,Yes
CUST0404,Rural,Dialog,17.4,118.7,2371.0,Prepaid,0,93,8.7,No,No
CUST0405,Urban,SLT,3.1,88.8,4472.0,Postpaid,1,56,4.9,Yes,Yes
CUST0406,Rural,SLT,36.9,157.3,4373.0,Postpaid,0,72,9.7,Yes,Yes
CUST0407,Urban,Dialog,34.6,121.6,3863.0,Prepaid,0,11,3.4,No,No
CUST0408,Urban,Dialog,25.5,154.5,1779.0,Prepaid,2,76,0.8,Yes,No
CUST0409,Rural,Mobitel,27.3,174.4,3142.0,Postpaid,4,32,7.4,No,No
CUST0410,Urban,SLT,35.7,154.6,2275.0,Prepaid,1,4,4.7,No,No
CUST0411,Urban,SLT,27.2,133.7,4677.0,Postpaid,2,9,3.3,No,Yes
CUST0412,Rural,Dialog,34.0,70.1,2916.0,Prepaid,4,88,5.2,No,Yes
CUST0413,Rural,SLT,22.0,119.9,2414.0,Postpaid,3,113,0.2,Yes,Yes
CUST0414,Urban,Dialog,38.1,93.3,3530.0,Prepaid,1,56,0.0,No,No
CUST0415,Rural,SLT,28.2,102.8,2860.0,Postpaid,0,16,5.3,No,No
CUST0416,Urban,Mobitel,26.9,101.3,4984.0,Prepaid,2,81,6.3,No,No
CUST0417,Urban,Dialog,12.3,71.0,2765.0,Postpaid,0,111,9.2,No,No
CUST0418,Urban,Dialog,27.9,22.1,2101.0,Prepaid,3,116,7.7,No,No
CUST0419,Rural,Dialog,16.7,86.6,1347.0,Prepaid,0,86,6.9,No,No
CUST0420,Rural,Dialog,18.6,129.7,3469.0,Postpaid,0,71,8.8,Yes,No
CUST0421,Rural,Dialog,16.8,52.6,2938.0,Postpaid,0,10,6.5,No,No
CUST0422,Rural,Dialog,14.3,120.8,2071.0,Postpaid,1,93,4.0,Yes,Yes
CUST0423,Urban,Airtel,46.2,215.0,4689.0,Prepaid,1,36,7.7,Yes,No
CUST0424,Urban,SLT,38.3,171.2,4167.0,Postpaid,2,24,7.6,Yes,No
CUST0425,Urban,Dialog,44.2,202.2,3472.0,Prepaid,1,64,5.0,Yes,No
CUST0426,Urban,Mobitel,12.8,139.6,4864.0,Postpaid,0,56,1.4,Yes,Yes
CUST0427,Urban,Dialog,25.7,178.4,4163.0,Postpaid,1,110,0.0,No,No
CUST0428,Rural,Mobitel,12.1,83.8,2677.0,Prepaid,2,78,7.5,Yes,Yes
CUST0429,Urban,Dialog,18.0,87.8,2461.0,Postpaid,0,78,6.4,No,No
CUST0430,Urban,Airtel,15.8,1.0,4318.0,Postpaid,2,89,6.9,Yes,Yes
CUST0431,Urban,SLT,37.4,179.3,3896.0,Prepaid,2,110,7.6,No,No
CUST0432,Rural,Airtel,21.0,197.0,3670.0,Postpaid,0,22,2.3,Yes,No
CUST0433,Rural,Mobitel,35.7,92.3,2654.0,Prepaid,2,52,0.0,Yes,No
CUST0434,Urban,Dialog,31.0,107.3,4108.0,Postpaid,2,50,6.5,Yes,No
CUST0435,Urban,Mobitel,48.0,82.3,2745.0,Prepaid,2,47,8.6,No,Yes
CUST0436,Rural,Dialog,10.2,139.1,3398.0,Prepaid,0,23,6.1,No,No
CUST0437,Urban,Dialog,37.6,176.2,4947.0,Prepaid,1,96,0.5,Yes,No
CUST0438,Rural,Dialog,36.5,32.9,2839.0,Postpaid,1,90,5.7,Yes,Yes
CUST0439,Rural,SLT,15.3,140.5,1927.0,Postpaid,1,115,1.6,Yes,Yes
CUST0440,Urban,Dialog,35.1,106.2,2447.0,Postpaid,2,91,0.4,No,No
CUST0441,Urban,SLT,28.4,125.7,4494.0,Prepaid,2,109,5.0,No,Yes
CUST0442,Rural,SLT,22.7,142.9,3755.0,Prepaid,1,76,5.5,Yes,Yes
CUST0443,Urban,Airtel,16.8,110.6,3371.0,Postpaid,1,83,4.7,Yes,Yes
CUST0444,Urban,Airtel,17.8,114.8,2991.0,Postpaid,0,19,6.3,No,No
CUST0445,Rural,SLT,45.5,109.3,3985.0,Prepaid,1,52,2.6,Yes,Yes
CUST0446,Rural,Dialog,25.0,168.5,2651.0,Prepaid,1,34,5.3,No,No
CUST0447,Rural,Dialog,32.8,140.9,3806.0,Postpaid,1,96,3.5,Yes,Yes
CUST0448,Rural,Dialog,17.1,131.0,2769.0,Prepaid,1,29,4.2,No,Yes
CUST0449,Urban,Dialog,17.2,56.5,2602.0,Postpaid,2,61,5.8,No,No
CUST0450,Urban,Dialog,35.8,101.1,2863.0,Postpaid,2,85,8.2,No,No
CUST0451,Rural,Dialog,11.5,164.9,3125.0,Postpaid,1,35,5.9,No,Yes
CUST0452,Urban,Mobitel,20.8,121.9,3451.0,Postpaid,0,106,6.9,No,No
CUST0453,Urban,SLT,25.3,153.0,3735.0,Prepaid,4,5,5.0,No,Yes
CUST0454,Rural,Dialog,26.1,208.3,500.0,Postpaid,0,76,6.5,Yes,Yes
CUST0455,Urban,SLT,23.2,171.9,2692.0,Postpaid,1,7,8.1,No,No
CUST0456,Urban,Dialog,29.0,124.7,3108.0,Prepaid,0,41,10.6,No,No
CUST0457,Urban,SLT,31.9,94.5,5005.0,Postpaid,2,2,8.6,No,No
CUST0458,Urban,SLT,32.3,1.0,2420.0,Prepaid,2,89,4.8,Yes,No
CUST0459,Urban,SLT,15.1,111.6,3663.0,Postpaid,1,10,8.4,No,Yes
CUST0460,Urban,SLT,22.2,103.7,4995.0,Prepaid,3,102,6.6,No,No
CUST0461,Urban,Mobitel,36.9,139.5,2187.0,Postpaid,0,44,3.2,No,No
CUST0462,Rural,Airtel,33.9,112.3,3894.0,Prepaid,0,70,6.7,Yes,No
CUST0463,Rural,SLT,11.3,104.0,2698.0,Prepaid,1,91,1.6,Yes,No
CUST0464,Urban,SLT,28.5,31.0,2995.0,Postpaid,1,35,6.7,Yes,No
CUST0465,Rural,SLT,5.2,73.0,2697.0,Postpaid,1,62,10.3,No,Yes
CUST0466,Urban,Dialog,25.5,143.8,2768.0,Prepaid,1,74,7.5,No,No
CUST0467,Urban,Dialog,44.0,205.8,6222.0,Prepaid,0,73,8.6,No,No
CUST0468,Rural,Dialog,15.5,115.1,4344.0,Prepaid,2,20,3.9,No,Yes
CUST0469,Urban,SLT,16.7,136.4,4602.0,Postpaid,0,101,6.4,No,No
CUST0470,Rural,SLT,32.6,167.6,3992.0,Postpaid,1,35,7.1,No,No
CUST0471,Urban,Dialog,9.6,79.5,1894.0,Postpaid,1,37,4.1,No,No
CUST0472,Rural,Mobitel,18.7,138.3,3895.0,Postpaid,0,104,7.1,No,Yes
CUST0473,Urban,Mobitel,31.0,83.0,4573.0,Postpaid,1,72,6.4,No,No
CUST0474,Rural,Airtel,18.7,163.2,2647.0,Prepaid,1,110,7.1,No,Yes
CUST0475,Urban,SLT,22.6,127.6,4465.0,Prepaid,1,54,1.9,Yes,No
CUST0476,Rural,Airtel,32.4,134.9,4204.0,Postpaid,2,95,8.8,Yes,Yes
CUST0477,Urban,Dialog,29.2,80.9,5352.0,Postpaid,4,113,6.4,No,No
CUST0478,Urban,Airtel,27.7,155.4,3082.0,Postpaid,0,107,4.6,No,No
CUST0479,Rural,Dialog,21.6,224.2,2402.0,Postpaid,1,80,4.7,No,No
CUST0480,Urban,Airtel,28.7,69.6,3138.0,Postpaid,1,28,4.9,Yes,No
CUST0481,Rural,Dialog,23.8,103.0,4936.0,Postpaid,2,70,2.5,No,No
CUST0482,Rural,Airtel,29.6,131.6,1672.0,Prepaid,2,32,8.6,No,No
CUST0483,Urban,Mobitel,20.0,159.3,1432.0,Prepaid,1,92,7.9,No,No
CUST0484,Rural,Dialog,23.2,92.0,3589.0,Postpaid,1,11,8.1,No,Yes
CUST0485,Urban,SLT,15.1,1.0,3057.0,Postpaid,2,42,9.5,No,No
CUST0486,Rural,Mobitel,24.6,188.0,3508.0,Prepaid,1,23,5.6,No,No
CUST0487,Urban,SLT,16.9,158.0,4445.0,Prepaid,2,30,0.0,No,No
CUST0488,Urban,Airtel,13.9,32.9,2947.0,Prepaid,1,9,6.9,Yes,Yes
CUST0489,Rural,SLT,27.6,89.6,1627.0,Prepaid,1,92,6.8,Yes,No
CUST0490,Rural,Dialog,27.1,198.4,5544.0,Postpaid,0,88,9.7,Yes,No
CUST0491,Urban,Dialog,32.8,192.4,2503.0,Prepaid,1,59,8.2,Yes,Yes
CUST0492,Rural,Dialog,20.7,166.9,2441.0,Postpaid,0,28,5.4,Yes,Yes
CUST0493,Urban,Airtel,29.1,111.2,4604.0,Prepaid,1,88,4.6,Yes,No
CUST0494,Urban,Dialog,30.5,124.1,3116.0,Postpaid,1,79,8.0,Yes,No
CUST0495,Urban,SLT,29.4,113.5,3437.0,Prepaid,2,103,0.0,Yes,No
CUST0496,Urban,SLT,16.7,176.4,3983.0,Postpaid,0,114,5.7,Yes,No
CUST0497,Urban,SLT,26.5,76.2,4584.0,Postpaid,2,33,7.8,Yes,No
CUST0498,Urban,Airtel,28.6,79.7,3167.0,Postpaid,1,47,4.6,No,No
CUST0499,Rural,Mobitel,25.1,170.5,5020.0,Prepaid,1,98,3.9,No,No
CUST0500,Rural,SLT,4.1,117.8,1364.0,Prepaid,0,22,5.9,Yes,Yes
CUST0501,Rural,Airtel,26.6,188.9,4260.0,Prepaid,1,29,9.0,No,Yes
CUST0502,Urban,Airtel,47.1,86.4,2660.0,Prepaid,2,34,6.4,No,No
CUST0503,Urban,SLT,21.4,117.3,4872.0,Postpaid,0,42,3.0,No,No
CUST0504,Rural,Mobitel,17.7,73.9,3642.0,Postpaid,3,52,8.7,Yes,Yes
CUST0505,Rural,Dialog,28.7,120.4,2827.0,Postpaid,0,47,9.2,No,No
CUST0506,Urban,Dialog,28.1,46.1,4163.0,Postpaid,3,74,2.6,Yes,No
CUST0507,Rural,Airtel,36.9,95.6,4393.0,Prepaid,0,51,13.4,Yes,No
CUST0508,Rural,SLT,12.4,48.2,4142.0,Prepaid,2,118,5.0,Yes,Yes
CUST0509,Rural,Airtel,32.3,154.7,2470.0,Prepaid,0,45,7.8,Yes,No
CUST0510,Rural,Airtel,30.9,155.8,3016.0,Postpaid,1,94,7.2,No,No
CUST0511,Rural,Dialog,23.6,33.5,3496.0,Postpaid,1,75,2.9,No,No
CUST0512,Urban,Airtel,28.4,186.7,3459.0,Prepaid,1,118,3.6,No,No
CUST0513,Rural,SLT,35.3,244.9,4250.0,Prepaid,1,34,5.2,Yes,No
CUST0514,Rural,SLT,33.7,122.3,1485.0,Postpaid,1,21,0.0,Yes,No
CUST0515,Urban,SLT,13.6,87.9,3834.0,Postpaid,3,13,7.5,Yes,Yes
CUST0516,Urban,Mobitel,33.2,261.2,3210.0,Postpaid,4,54,0.0,Yes,No
CUST0517,Urban,Dialog,24.4,54.1,2661.0,Prepaid,1,25,5.0,No,Yes
CUST0518,Rural,SLT,25.7,121.0,2758.0,Prepaid,0,118,3.0,No,No
CUST0519,Rural,SLT,25.7,129.0,3285.0,Postpaid,0,21,6.7,No,No
CUST0520,Urban,Airtel,23.5,187.3,500.0,Postpaid,0,1,0.0,No,No
CUST0521,Urban,SLT,36.9,138.0,2799.0,Prepaid,3,58,0.0,No,No
CUST0522,Urban,Dialog,24.2,95.1,2624.0,Postpaid,1,69,3.2,Yes,No
CUST0523,Rural,Dialog,13.8,72.4,4033.0,Postpaid,1,117,6.6,No,No
CUST0524,Rural,Dialog,21.1,102.9,2694.0,Prepaid,2,86,5.7,No,No
CUST0525,Rural,Airtel,26.8,69.7,3285.0,Prepaid,1,71,8.2,No,Yes
CUST0526,Urban,Dialog,37.3,122.4,5042.0,Prepaid,1,13,5.3,No,No
CUST0527,Urban,Dialog,31.0,91.8,4494.0,Prepaid,2,109,4.9,Yes,No
CUST0528,Urban,Mobitel,16.5,45.3,4402.0,Postpaid,1,52,1.8,No,No
CUST0529,Urban,Dialog,49.9,182.8,3000.0,Prepaid,1,23,4.3,No,No
CUST0530,Rural,Mobitel,27.6,95.1,4043.0,Postpaid,0,21,4.9,No,No
CUST0531,Rural,SLT,37.8,56.6,3266.0,Postpaid,0,6,0.0,No,No
CUST0532,Rural,Airtel,23.5,111.6,3304.0,Prepaid,1,20,2.3,Yes,No
CUST0533,Rural,Dialog,30.3,123.4,3910.0,Prepaid,2,76,6.4,No,No
CUST0534,Urban,Dialog,33.4,32.7,2903.0,Postpaid,2,40,5.5,Yes,No
CUST0535,Rural,Airtel,37.2,136.6,4993.0,Postpaid,0,9,4.2,Yes,Yes
CUST0536,Rural,Airtel,35.6,67.6,3340.0,Postpaid,1,50,3.2,No,No
CUST0537,Rural,Airtel,33.7,205.6,4118.0,Prepaid,1,28,0.0,Yes,No
CUST0538,Urban,Dialog,21.8,146.2,4956.0,Prepaid,2,11,0.0,No,Yes
CUST0539,Urban,Airtel,19.3,100.0,4532.0,Postpaid,1,116,4.1,No,No
CUST0540,Urban,Airtel,28.3,82.7,2091.0,Postpaid,3,96,9.5,Yes,No
CUST0541,Rural,SLT,34.3,114.8,3945.0,Prepaid,0,75,5.1,No,No
CUST0542,Rural,Airtel,22.8,150.6,4351.0,Postpaid,1,88,8.1,No,Yes
CUST0543,Urban,Airtel,35.7,118.7,4392.0,Prepaid,1,56,1.5,Yes,No
CUST0544,Rural,SLT,39.5,109.1,2387.0,Postpaid,3,79,5.8,No,Yes
CUST0545,Rural,Dialog,15.8,122.9,2843.0,Postpaid,3,105,2.9,No,No
CUST0546,Urban,SLT,16.6,89.8,4495.0,Prepaid,1,35,2.8,No,No
CUST0547,Urban,Dialog,23.6,102.8,2738.0,Postpaid,1,81,7.2,No,No
CUST0548,Rural,SLT,28.1,15.7,3200.0,Prepaid,1,25,4.6,No,No
CUST0549,Urban,SLT,19.8,168.7,5076.0,Prepaid,1,113,0.8,No,No
CUST0550,Rural,Dialog,38.5,134.9,3452.0,Prepaid,1,99,5.3,No,Yes
CUST0551,Urban,Dialog,29.2,81.3,2773.0,Prepaid,1,19,2.9,Yes,No
CUST0552,Rural,Dialog,25.4,214.9,2622.0,Prepaid,0,105,0.7,No,Yes
CUST0553,Urban,Airtel,10.6,124.4,3833.0,Postpaid,0,31,2.0,Yes,Yes
CUST0554,Urban,Mobitel,11.8,68.2,2167.0,Postpaid,1,81,11.1,No,No
CUST0555,Rural,Dialog,27.8,162.8,3253.0,Prepaid,2,119,8.6,No,No
CUST0556,Urban,Mobitel,3.7,139.9,3833.0,Postpaid,1,50,0.0,No,No
CUST0557,Urban,SLT,35.1,139.7,4799.0,Postpaid,1,87,4.4,Yes,No
CUST0558,Urban,Dialog,23.4,98.7,4168.0,Postpaid,0,63,4.7,No,No
CUST0559,Rural,Dialog,57.4,142.5,2786.0,Postpaid,2,47,4.2,Yes,No
CUST0560,Rural,SLT,48.1,106.9,4678.0,Prepaid,1,1,3.0,No,Yes
CUST0561,Rural,Airtel,23.2,147.8,3200.0,Prepaid,2,58,7.2,No,No
CUST0562,Urban,Airtel,23.9,24.8,2264.0,Postpaid,0,10,7.8,No,No
CUST0563,Urban,Dialog,35.0,98.3,3328.0,Prepaid,0,8,8.1,Yes,No
CUST0564,Urban,Dialog,42.0,206.1,4938.0,Prepaid,1,106,6.0,No,No
CUST0565,Urban,SLT,8.6,81.6,3665.0,Prepaid,2,26,6.8,No,No
CUST0566,Urban,Dialog,7.1,89.8,3513.0,Prepaid,1,34,4.0,No,No
CUST0567,Urban,Dialog,18.8,97.6,5137.0,Prepaid,2,19,0.3,No,No
CUST0568,Urban,Dialog,30.8,59.3,2069.0,Prepaid,1,78,0.2,Yes,Yes
CUST0569,Rural,Airtel,30.0,9.6,2214.0,Prepaid,0,72,2.4,No,No
CUST0570,Urban,Mobitel,35.7,108.5,1884.0,Postpaid,1,115,4.4,No,No
CUST0571,Urban,SLT,13.0,126.8,3873.0,Postpaid,1,1,1.2,No,Yes
CUST0572,Rural,Mobitel,1.8,117.4,3666.0,Prepaid,1,48,1.6,No,No
CUST0573,Urban,Dialog,33.6,112.8,5043.0,Prepaid,2,25,3.9,Yes,No
CUST0574,Rural,SLT,16.7,122.2,3743.0,Prepaid,0,24,7.6,No,No
CUST0575,Rural,Dialog,4.8,171.1,3096.0,Prepaid,1,47,6.0,Yes,Yes
CUST0576,Rural,SLT,26.5,110.5,3502.0,Prepaid,0,84,2.4,No,No
CUST0577,Urban,Mobitel,32.9,91.3,3618.0,Prepaid,0,94,5.1,No,No
CUST0578,Rural,SLT,23.8,105.9,1828.0,Postpaid,3,69,1.0,No,Yes
CUST0579,Urban,Dialog,20.4,149.0,6210.0,Postpaid,3,67,2.4,No,No
CUST0580,Urban,SLT,23.4,190.6,4020.0,Prepaid,0,32,0.0,Yes,No
CUST0581,Urban,Dialog,21.3,88.6,3710.0,Prepaid,1,17,6.3,Yes,No
CUST0582,Rural,Airtel,11.5,124.9,4115.0,Postpaid,0,61,4.2,Yes,No
CUST0583,Urban,SLT,17.9,136.9,4209.0,Postpaid,0,106,4.5,Yes,No
CUST0584,Urban,SLT,30.2,70.4,3359.0,Postpaid,2,69,7.4,No,No
CUST0585,Rural,SLT,28.2,121.0,2869.0,Postpaid,3,11,2.0,Yes,No
CUST0586,Urban,SLT,26.7,46.7,4099.0,Prepaid,0,38,6.4,No,No
CUST0587,Urban,Dialog,15.0,31.5,3886.0,Prepaid,1,68,11.0,No,Yes
CUST0588,Urban,SLT,23.2,138.3,2690.0,Postpaid,1,103,2.1,No,No
CUST0589,Urban,Dialog,3.2,100.8,4919.0,Prepaid,1,19,0.3,No,Yes
CUST0590,Urban,Airtel,26.8,130.1,3793.0,Postpaid,0,103,1.2,Yes,No
CUST0591,Urban,Airtel,39.3,119.1,4230.0,Postpaid,1,110,6.2,Yes,No
CUST0592,Rural,Airtel,10.3,71.2,4892.0,Postpaid,1,113,10.2,Yes,Yes
CUST0593,Urban,SLT,19.1,117.7,3522.0,Prepaid,1,87,10.1,No,No
CUST0594,Urban,SLT,28.3,58.3,3817.0,Postpaid,1,17,7.5,No,No
CUST0595,Rural,Dialog,37.5,189.5,4310.0,Prepaid,2,13,7.6,Yes,No
CUST0596,Urban,Airtel,20.5,52.2,2775.0,Prepaid,2,91,6.4,No,No
CUST0597,Rural,Dialog,18.1,110.2,3554.0,Prepaid,2,1,7.2,Yes,Yes
CUST0598,Urban,SLT,5.3,67.9,3626.0,Postpaid,0,2,5.9,No,Yes
CUST0599,Urban,Dialog,26.0,148.5,2544.0,Postpaid,2,82,2.6,No,No
CUST0600,Urban,Dialog,45.4,103.4,5818.0,Prepaid,2,100,10.1,No,No
CUST0601,Urban,SLT,27.8,94.1,2093.0,Prepaid,0,109,9.0,No,No
CUST0602,Urban,Dialog,24.8,162.7,2202.0,Postpaid,0,97,2.7,No,No
CUST0603,Urban,Airtel,28.2,121.5,4814.0,Postpaid,3,100,6.9,No,No
CUST0604,Urban,Dialog,24.9,145.8,4213.0,Postpaid,2,66,9.4,Yes,No
CUST0605,Urban,Dialog,16.9,70.9,2474.0,Postpaid,2,68,6.3,No,Yes
CUST0606,Urban,SLT,33.2,49.8,4107.0,Prepaid,0,16,4.4,No,No
CUST0607,Urban,Dialog,27.3,125.4,4968.0,Postpaid,2,4,9.3,Yes,No
CUST0608,Urban,Dialog,25.2,104.1,3470.0,Prepaid,2,57,5.8,No,No
CUST0609,Urban,Airtel,15.2,151.3,6099.0,Postpaid,1,73,3.1,Yes,No
CUST0610,Rural,Dialog,38.0,116.0,1776.0,Postpaid,0,113,1.5,Yes,Yes
CUST0611,Urban,Airtel,31.6,130.3,4194.0,Prepaid,1,85,0.0,No,No
CUST0612,Rural,Dialog,19.5,38.8,4667.0,Prepaid,3,23,10.9,No,Yes
CUST0613,Rural,Dialog,35.0,214.4,4391.0,Postpaid,0,116,2.5,Yes,No
CUST0614,Urban,Airtel,20.0,111.8,3296.0,Prepaid,1,117,7.9,No,Yes
CUST0615,Rural,Dialog,17.2,154.9,3210.0,Prepaid,3,2,2.2,No,Yes
CUST0616,Rural,Dialog,17.4,78.2,3944.0,Postpaid,1,67,5.5,Yes,Yes
CUST0617,Urban,Dialog,7.3,135.4,4316.0,Prepaid,0,87,6.3,No,No
CUST0618,Urban,Dialog,29.7,54.9,4102.0,Postpaid,1,26,1.3,No,Yes
CUST0619,Rural,Airtel,6.7,142.6,4540.0,Prepaid,1,111,7.9,Yes,Yes
CUST0620,Rural,Dialog,12.7,102.2,2481.0,Postpaid,0,7,4.4,No,No
CUST0621,Urban,Airtel,4.2,121.5,3272.0,Prepaid,1,100,6.7,Yes,No
CUST0622,Urban,Airtel,24.1,154.9,2560.0,Prepaid,0,44,9.4,No,No
CUST0623,Urban,SLT,23.5,58.4,3114.0,Postpaid,0,33,7.2,No,No
CUST0624,Urban,Mobitel,21.7,85.8,4515.0,Postpaid,0,113,4.7,Yes,No
CUST0625,Rural,Dialog,14.6,142.9,3608.0,Prepaid,1,64,10.8,No,No
CUST0626,Urban,Mobitel,13.3,224.9,6107.0,Prepaid,1,36,4.9,No,No
CUST0627,Urban,Dialog,29.6,113.1,3693.0,Postpaid,2,4,5.3,Yes,Yes
CUST0628,Rural,SLT,19.5,149.6,3560.0,Postpaid,2,118,4.5,No,Yes
CUST0629,Urban,SLT,28.2,114.7,3606.0,Postpaid,1,23,1.3,Yes,No
CUST0630,Urban,Dialog,16.1,217.1,2862.0,Postpaid,1,25,1.0,No,No
CUST0631,Rural,SLT,26.8,32.6,3442.0,Postpaid,0,105,3.3,No,No
CUST0632,Rural,Airtel,38.0,124.7,4628.0,Prepaid,0,90,2.0,No,No
CUST0633,Urban,Dialog,30.9,38.7,3614.0,Prepaid,0,92,4.2,No,No
CUST0634,Urban,Dialog,20.9,1.0,2707.0,Postpaid,0,92,7.5,No,No
CUST0635,Urban,Airtel,27.6,134.9,2575.0,Prepaid,0,85,3.8,No,No
CUST0636,Urban,SLT,22.6,127.0,3050.0,Prepaid,2,74,5.7,No,No
CUST0637,Urban,Mobitel,25.1,105.8,3574.0,Prepaid,0,27,3.5,No,No
CUST0638,Urban,Airtel,21.7,114.7,4694.0,Prepaid,2,51,12.6,No,No
CUST0639,Urban,Mobitel,23.4,274.9,2160.0,Prepaid,3,115,9.5,Yes,No
CUST0640,Urban,Airtel,27.1,107.1,3180.0,Prepaid,2,79,4.3,No,No
CUST0641,Urban,Dialog,15.1,145.5,3644.0,Postpaid,2,118,5.8,No,No
CUST0642,Urban,Dialog,14.8,87.5,1666.0,Prepaid,0,81,1.0,No,No
CUST0643,Urban,Airtel,11.1,134.8,2666.0,Prepaid,1,103,4.4,No,No
CUST0644,Urban,SLT,9.0,108.1,2820.0,Prepaid,2,99,3.2,Yes,No
CUST0645,Urban,Dialog,12.8,99.5,2704.0,Postpaid,1,69,7.2,No,Yes
CUST0646,Rural,Dialog,26.6,210.9,3692.0,Prepaid,0,80,2.2,Yes,No
CUST0647,Urban,Mobitel,16.1,178.9,3339.0,Postpaid,1,23,10.0,No,No
CUST0648,Rural,SLT,30.1,126.8,2945.0,Postpaid,1,103,4.8,No,No
CUST0649,Rural,SLT,25.3,4.8,3928.0,Prepaid,2,112,2.4,No,No
CUST0650,Urban,SLT,5.3,101.9,5223.0,Prepaid,0,9,5.1,No,Yes
CUST0651,Urban,Dialog,31.5,255.2,5139.0,Prepaid,2,33,7.2,No,Yes
CUST0652,Urban,Dialog,33.1,108.5,1577.0,Postpaid,1,35,6.6,No,No
CUST0653,Urban,Dialog,15.1,175.2,4077.0,Postpaid,1,104,5.5,No,No
CUST0654,Rural,Dialog,29.2,192.1,3322.0,Postpaid,2,50,7.6,Yes,No
CUST0655,Urban,Airtel,16.4,130.9,3655.0,Prepaid,0,24,7.4,No,No
CUST0656,Urban,SLT,26.0,77.9,3102.0,Postpaid,3,88,7.5,No,No
CUST0657,Urban,Airtel,12.4,1.0,3618.0,Prepaid,0,114,4.2,No,No
CUST0658,Urban,Airtel,7.1,154.2,3651.0,Prepaid,1,24,4.2,No,No
CUST0659,Rural,Dialog,21.2,79.3,2921.0,Postpaid,0,19,4.4,No,No
CUST0660,Urban,SLT,23.8,128.8,2604.0,Postpaid,1,39,3.5,Yes,No
CUST0661,Urban,SLT,21.0,57.5,3051.0,Prepaid,0,61,5.3,Yes,No
CUST0662,Rural,Airtel,13.2,106.7,3734.0,Prepaid,1,25,5.0,No,No
CUST0663,Rural,Dialog,21.0,121.7,4099.0,Prepaid,0,116,10.0,Yes,No
CUST0664,Urban,SLT,27.7,133.4,4353.0,Prepaid,0,95,3.5,Yes,Yes
CUST0665,Urban,SLT,24.6,64.3,3006.0,Prepaid,0,102,2.0,No,No
CUST0666,Urban,Dialog,26.8,179.8,3784.0,Postpaid,2,25,6.9,No,No
CUST0667,Urban,Dialog,18.3,90.2,4463.0,Postpaid,1,27,5.2,No,No
CUST0668,Urban,SLT,36.7,36.3,4666.0,Postpaid,0,32,2.9,Yes,Yes
CUST0669,Urban,Airtel,13.2,114.5,3441.0,Postpaid,0,11,7.3,No,No
CUST0670,Urban,Dialog,29.9,121.7,3279.0,Postpaid,2,69,4.2,No,No
CUST0671,Urban,SLT,36.8,128.0,3691.0,Postpaid,1,108,9.6,Yes,No
CUST0672,Rural,Dialog,29.8,188.1,2350.0,Postpaid,1,33,2.1,No,No
CUST0673,Urban,Airtel,23.0,108.2,3306.0,Prepaid,2,19,3.3,No,No
CUST0674,Urban,Dialog,19.7,114.0,4245.0,Postpaid,3,107,5.4,No,Yes
CUST0675,Urban,Airtel,35.4,64.8,4142.0,Postpaid,0,111,9.1,Yes,No
CUST0676,Rural,Dialog,10.8,161.0,3230.0,Postpaid,2,16,2.9,No,Yes
CUST0677,Urban,Dialog,15.3,129.2,3718.0,Postpaid,1,99,6.1,Yes,No
CUST0678,Urban,Dialog,21.0,99.0,2675.0,Prepaid,1,11,1.5,Yes,Yes
CUST0679,Rural,Dialog,37.4,24.8,4203.0,Postpaid,0,75,7.8,No,No
CUST0680,Rural,SLT,28.8,192.2,3422.0,Prepaid,0,74,3.0,No,No
CUST0681,Rural,Dialog,15.3,58.6,3224.0,Postpaid,3,98,6.9,No,Yes
CUST0682,Urban,Airtel,21.9,90.4,3138.0,Prepaid,2,116,7.0,No,No
CUST0683,Urban,Dialog,18.9,137.9,3437.0,Prepaid,0,69,0.0,Yes,No
CUST0684,Rural,Dialog,17.9,60.2,3052.0,Prepaid,0,87,5.6,No,No
CUST0685,Rural,Dialog,34.8,45.3,4158.0,Postpaid,0,55,3.5,Yes,No
CUST0686,Urban,Dialog,11.3,13.8,3105.0,Prepaid,1,25,6.5,No,Yes
CUST0687,Urban,Dialog,41.1,156.0,5093.0,Postpaid,1,93,2.4,No,No
CUST0688,Urban,SLT,33.3,92.7,4965.0,Prepaid,0,104,3.3,No,No
CUST0689,Rural,SLT,35.9,266.4,2608.0,Postpaid,1,77,8.6,No,No
CUST0690,Urban,SLT,20.4,70.3,3570.0,Postpaid,1,111,8.4,No,No
CUST0691,Urban,SLT,23.5,73.9,2849.0,Prepaid,3,96,2.0,No,No
CUST0692,Urban,SLT,10.7,91.7,3173.0,Prepaid,1,34,10.4,No,Yes
CUST0693,Urban,Dialog,19.8,132.2,5502.0,Postpaid,2,12,0.0,No,Yes
CUST0694,Urban,SLT,29.9,96.5,3192.0,Postpaid,0,88,5.6,No,No
CUST0695,Urban,Mobitel,38.0,150.6,3860.0,Postpaid,1,104,1.1,No,No
CUST0696,Rural,SLT,13.9,71.1,4041.0,Prepaid,1,21,6.1,No,Yes
CUST0697,Urban,SLT,21.3,50.9,2499.0,Prepaid,1,29,4.2,Yes,No
CUST0698,Urban,Dialog,23.5,30.1,2645.0,Postpaid,2,51,1.9,Yes,No
CUST0699,Urban,Airtel,11.0,8.8,2294.0,Prepaid,0,23,2.8,No,Yes
CUST0700,Urban,Airtel,30.9,94.1,2614.0,Prepaid,0,33,2.6,No,No
CUST0701,Urban,SLT,17.8,105.0,650.0,Prepaid,1,8,5.2,No,No
CUST0702,Urban,Mobitel,23.0,88.4,4045.0,Postpaid,0,42,7.9,No,No
CUST0703,Urban,Dialog,20.5,182.2,5554.0,Postpaid,2,77,10.9,Yes,Yes
CUST0704,Urban,Dialog,17.1,181.4,3648.0,Prepaid,0,69,4.5,No,No
CUST0705,Urban,Airtel,24.9,103.3,2084.0,Prepaid,2,118,5.9,No,No
CUST0706,Rural,Airtel,22.8,30.3,2857.0,Prepaid,1,41,8.6,No,No
CUST0707,Urban,Dialog,21.3,91.7,3041.0,Prepaid,4,74,3.7,No,No
CUST0708,Rural,Dialog,17.7,90.0,2482.0,Prepaid,0,63,2.7,Yes,No
CUST0709,Urban,Dialog,28.2,87.1,4360.0,Postpaid,1,14,10.8,Yes,No
CUST0710,Rural,Dialog,41.5,85.1,4310.0,Prepaid,1,88,4.5,No,No
CUST0711,Rural,Airtel,26.4,87.3,2345.0,Prepaid,0,62,5.7,No,Yes
CUST0712,Urban,SLT,35.0,100.7,4225.0,Postpaid,1,75,0.2,No,No
CUST0713,Urban,Dialog,11.1,88.2,5027.0,Prepaid,2,46,3.4,No,No
CUST0714,Urban,Dialog,26.6,130.4,5403.0,Postpaid,0,67,10.7,Yes,No
CUST0715,Urban,Dialog,14.0,138.0,6365.0,Prepaid,0,93,6.4,No,Yes
CUST0716,Rural,Dialog,10.2,74.5,2598.0,Prepaid,0,53,4.9,No,Yes
CUST0717,Rural,SLT,17.6,183.6,6324.0,Postpaid,0,112,9.2,No,No
CUST0718,Rural,Mobitel,36.9,71.0,3146.0,Postpaid,1,52,0.1,No,Yes
CUST0719,Urban,Airtel,34.5,39.1,2908.0,Prepaid,0,94,3.8,No,No
CUST0720,Rural,Dialog,27.4,139.0,3827.0,Postpaid,0,113,11.8,No,Yes
CUST0721,Rural,Airtel,9.7,79.1,2918.0,Postpaid,0,101,4.9,Yes,Yes
CUST0722,Urban,Airtel,23.0,136.1,3899.0,Prepaid,3,7,4.8,Yes,No
CUST0723,Urban,Airtel,28.0,1.0,2180.0,Postpaid,1,81,8.5,No,No
CUST0724,Rural,SLT,26.8,189.6,3261.0,Postpaid,0,84,8.7,No,No
CUST0725,Urban,Dialog,6.6,153.6,4786.0,Prepaid,1,54,1.1,No,No
CUST0726,Rural,Dialog,16.1,45.0,3443.0,Postpaid,1,11,6.3,No,No
CUST0727,Urban,Dialog,24.4,46.1,3642.0,Postpaid,1,108,10.3,No,No
CUST0728,Rural,Dialog,30.4,203.6,3975.0,Postpaid,1,25,3.1,No,No
CUST0729,Urban,Dialog,3.0,83.1,4671.0,Prepaid,1,59,3.9,Yes,No
CUST0730,Urban,SLT,23.4,78.3,1845.0,Prepaid,0,88,5.1,Yes,Yes
CUST0731,Urban,Airtel,26.4,6.7,4085.0,Postpaid,2,66,7.1,Yes,No
CUST0732,Rural,SLT,33.5,102.5,3232.0,Prepaid,3,27,0.7,No,No
CUST0733,Rural,Dialog,31.9,108.6,3667.0,Prepaid,2,83,0.0,Yes,Yes
CUST0734,Urban,Mobitel,30.8,155.8,4560.0,Prepaid,1,58,5.6,No,No
CUST0735,Urban,Mobitel,17.0,50.0,2306.0,Prepaid,0,93,8.5,Yes,No
CUST0736,Rural,Airtel,5.9,44.0,2487.0,Postpaid,2,101,4.1,No,No
CUST0737,Urban,Mobitel,21.1,142.5,1565.0,Prepaid,0,11,3.2,No,Yes
CUST0738,Rural,SLT,35.0,170.3,2951.0,Postpaid,1,55,4.5,No,Yes
CUST0739,Urban,Mobitel,38.9,41.4,4830.0,Prepaid,2,19,9.8,Yes,No
CUST0740,Urban,Dialog,32.1,174.1,3379.0,Postpaid,0,92,3.0,Yes,No
CUST0741,Urban,Dialog,29.3,121.9,2160.0,Prepaid,2,39,6.7,No,Yes
CUST0742,Urban,Dialog,28.8,174.6,3014.0,Postpaid,0,85,1.5,No,No
CUST0743,Rural,Dialog,19.4,116.5,2012.0,Postpaid,1,90,1.7,No,Yes
CUST0744,Urban,Dialog,23.7,1.0,2375.0,Prepaid,1,86,7.5,No,No
CUST0745,Urban,SLT,41.7,112.4,3889.0,Postpaid,0,70,9.9,Yes,No
CUST0746,Rural,Airtel,15.6,173.0,2326.0,Prepaid,0,11,7.7,Yes,No
CUST0747,Urban,SLT,41.1,75.3,4613.0,Postpaid,0,14,0.0,No,No
CUST0748,Urban,Dialog,21.8,100.6,3429.0,Postpaid,0,60,3.7,No,Yes
CUST0749,Rural,Airtel,38.3,111.2,3586.0,Postpaid,1,36,5.7,Yes,No
CUST0750,Rural,SLT,10.9,1.0,3222.0,Postpaid,1,104,5.2,No,Yes
CUST0751,Urban,Dialog,30.9,203.6,4273.0,Prepaid,2,41,0.0,No,No
CUST0752,Rural,SLT,17.6,74.9,4283.0,Prepaid,1,2,1.1,No,No
CUST0753,Rural,Dialog,10.8,145.3,3835.0,Prepaid,2,57,2.6,Yes,No
CUST0754,Urban,Dialog,27.2,115.7,4065.0,Postpaid,0,107,4.8,Yes,No
CUST0755,Urban,Mobitel,35.1,182.9,3288.0,Postpaid,0,60,0.0,No,Yes
CUST0756,Rural,Dialog,16.6,140.3,4042.0,Prepaid,1,20,6.8,Yes,No
CUST0757,Rural,SLT,10.0,108.3,3162.0,Postpaid,1,22,4.7,Yes,Yes
CUST0758,Urban,Airtel,24.1,75.3,3502.0,Prepaid,0,103,1.9,No,No
CUST0759,Rural,Airtel,24.1,159.9,3225.0,Prepaid,0,4,5.6,Yes,Yes
CUST0760,Rural,Dialog,30.5,26.3,3043.0,Postpaid,0,56,0.7,No,Yes
CUST0761,Urban,Dialog,34.5,152.3,2811.0,Prepaid,1,93,4.8,No,No
CUST0762,Urban,Dialog,24.4,65.0,3968.0,Postpaid,1,110,0.0,No,No
CUST0763,Urban,SLT,43.6,182.6,4811.0,Prepaid,0,58,0.0,Yes,Yes
CUST0764,Rural,SLT,27.2,128.1,4671.0,Postpaid,1,88,3.6,No,No
CUST0765,Urban,Dialog,21.5,152.2,2243.0,Prepaid,1,65,2.9,No,No
CUST0766,Urban,Mobitel,8.9,124.1,4789.0,Prepaid,1,88,6.2,No,Yes
CUST0767,Rural,SLT,22.4,32.4,3182.0,Postpaid,2,58,4.9,Yes,No
CUST0768,Rural,Dialog,21.6,77.0,4101.0,Postpaid,1,30,11.3,Yes,No
CUST0769,Urban,SLT,34.6,153.6,2594.0,Prepaid,0,76,4.2,No,No
CUST0770,Rural,SLT,29.6,128.3,3642.0,Prepaid,3,19,0.0,No,Yes
CUST0771,Urban,Dialog,13.2,179.0,3814.0,Postpaid,1,101,0.0,No,No
CUST0772,Rural,Dialog,26.7,140.2,2015.0,Prepaid,0,62,1.4,No,No
CUST0773,Urban,Airtel,31.7,71.7,4108.0,Postpaid,3,104,15.2,No,No
CUST0774,Urban,SLT,40.3,80.2,4846.0,Postpaid,0,107,4.9,No,No
CUST0775,Rural,SLT,33.9,125.1,3325.0,Prepaid,3,118,8.3,No,Yes
CUST0776,Urban,SLT,32.6,4.3,4860.0,Prepaid,1,68,8.0,No,No
CUST0777,Urban,Dialog,25.6,203.7,3310.0,Postpaid,0,79,1.2,Yes,No
CUST0778,Rural,Dialog,28.9,142.1,4350.0,Prepaid,1,84,0.0,No,No
CUST0779,Rural,SLT,37.5,181.4,1281.0,Postpaid,0,44,6.9,No,No
CUST0780,Rural,Dialog,11.7,41.0,5919.0,Prepaid,0,84,0.0,No,No
CUST0781,Rural,Dialog,21.5,182.2,4995.0,Postpaid,1,118,7.9,No,No
CUST0782,Urban,Airtel,17.3,231.6,3215.0,Prepaid,1,119,4.6,No,No
CUST0783,Urban,Mobitel,28.8,54.0,1528.0,Postpaid,0,61,6.8,Yes,No
CUST0784,Urban,Airtel,37.3,158.6,3788.0,Prepaid,2,21,5.9,Yes,No
CUST0785,Urban,Airtel,19.0,120.1,2056.0,Prepaid,1,10,6.1,No,No
CUST0786,Rural,Dialog,1.1,42.8,3945.0,Postpaid,0,30,5.3,Yes,Yes
CUST0787,Urban,Mobitel,20.9,144.6,3912.0,Prepaid,0,24,5.8,No,No
CUST0788,Urban,Dialog,34.1,161.7,2559.0,Prepaid,0,48,5.1,Yes,No
CUST0789,Urban,Mobitel,30.4,89.9,4621.0,Prepaid,4,55,0.9,Yes,No
CUST0790,Rural,Mobitel,29.3,178.3,4306.0,Prepaid,4,104,3.8,Yes,No
CUST0791,Urban,Airtel,22.2,36.7,4476.0,Postpaid,0,52,11.5,No,No
CUST0792,Urban,Mobitel,12.2,45.3,3509.0,Postpaid,3,104,5.9,No,Yes
CUST0793,Urban,SLT,30.2,126.8,2084.0,Prepaid,1,38,8.4,Yes,No
CUST0794,Rural,Dialog,16.7,121.3,4478.0,Postpaid,0,67,2.1,Yes,No
CUST0795,Urban,SLT,46.8,84.2,3230.0,Postpaid,1,93,2.0,No,No
CUST0796,Rural,SLT,30.7,160.5,2110.0,Postpaid,0,8,1.4,No,No
CUST0797,Rural,Dialog,19.2,146.5,4852.0,Prepaid,1,29,1.0,No,No
CUST0798,Urban,SLT,18.9,162.9,5599.0,Postpaid,1,119,0.1,No,No
CUST0799,Rural,Mobitel,24.1,113.8,3459.0,Postpaid,0,10,5.7,No,Yes
CUST0800,Rural,Dialog,22.6,150.1,5659.0,Prepaid,0,69,3.9,No,Yes
CUST0801,Rural,Airtel,36.2,97.7,3591.0,Prepaid,0,75,7.6,Yes,No
CUST0802,Urban,Mobitel,26.9,222.7,3120.0,Prepaid,0,68,4.1,No,No
CUST0803,Urban,Mobitel,17.7,79.4,2870.0,Postpaid,2,49,0.0,No,No
CUST0804,Rural,Mobitel,43.9,225.3,5137.0,Prepaid,0,58,6.3,No,No
CUST0805,Urban,SLT,25.5,121.7,2720.0,Postpaid,1,35,0.0,Yes,No
CUST0806,Rural,Mobitel,32.7,51.2,4235.0,Prepaid,2,50,5.6,No,No
CUST0807,Rural,Airtel,18.9,188.4,2941.0,Postpaid,0,40,2.7,No,No
CUST0808,Rural,Dialog,28.6,126.3,3040.0,Postpaid,1,12,5.7,No,Yes
CUST0809,Urban,SLT,28.1,162.6,4530.0,Postpaid,0,85,0.7,Yes,No
CUST0810,Urban,Airtel,6.1,181.2,3120.0,Postpaid,0,16,7.3,Yes,No
CUST0811,Rural,Dialog,45.2,136.9,3095.0,Postpaid,2,78,5.1,No,Yes
CUST0812,Rural,SLT,37.9,90.4,4633.0,Prepaid,1,85,4.0,No,No
CUST0813,Urban,SLT,21.0,168.8,5097.0,Postpaid,1,48,0.0,Yes,No
CUST0814,Rural,Dialog,14.0,120.0,4145.0,Prepaid,2,91,10.4,No,Yes
CUST0815,Rural,SLT,28.5,154.3,2845.0,Postpaid,0,100,2.3,Yes,No
CUST0816,Urban,Airtel,25.9,12.3,2989.0,Prepaid,0,1,5.8,No,Yes
CUST0817,Urban,SLT,28.6,142.3,3580.0,Postpaid,0,65,2.2,Yes,No
CUST0818,Urban,Dialog,26.9,88.1,3821.0,Postpaid,1,22,16.3,Yes,Yes
CUST0819,Urban,Dialog,30.1,202.7,2512.0,Prepaid,1,15,5.4,Yes,No
CUST0820,Urban,Dialog,39.5,151.2,4223.0,Prepaid,1,116,3.2,Yes,No
CUST0821,Rural,Mobitel,30.7,132.0,3586.0,Postpaid,1,84,6.8,Yes,No
CUST0822,Urban,Dialog,14.5,144.3,1784.0,Prepaid,0,67,7.3,No,No
CUST0823,Urban,SLT,38.6,70.1,2571.0,Prepaid,1,14,6.2,No,No
CUST0824,Urban,Dialog,41.4,201.2,2996.0,Prepaid,2,73,4.0,No,No
CUST0825,Urban,Dialog,56.5,219.6,3427.0,Postpaid,0,19,6.3,Yes,No
CUST0826,Rural,Airtel,13.8,139.6,5389.0,Postpaid,3,40,4.5,Yes,Yes
CUST0827,Urban,Airtel,27.4,199.5,3738.0,Postpaid,1,98,4.9,No,No
CUST0828,Urban,Dialog,4.2,91.5,2659.0,Postpaid,1,4,2.6,No,Yes
CUST0829,Rural,SLT,30.5,80.1,3721.0,Prepaid,0,33,0.6,Yes,No
CUST0830,Urban,Dialog,19.5,122.0,3148.0,Postpaid,1,43,6.7,Yes,No
CUST0831,Urban,SLT,44.2,141.7,3825.0,Prepaid,3,37,6.8,No,Yes
CUST0832,Urban,SLT,17.3,100.3,4081.0,Prepaid,0,66,8.9,No,Yes
CUST0833,Urban,Dialog,8.1,146.9,4709.0,Prepaid,0,27,5.1,No,Yes
CUST0834,Urban,Dialog,20.3,135.3,3476.0,Postpaid,0,45,4.4,No,No
CUST0835,Urban,Dialog,5.2,70.1,5139.0,Postpaid,2,81,0.8,No,Yes
CUST0836,Urban,Mobitel,32.5,145.9,4408.0,Prepaid,2,113,4.9,No,No
CUST0837,Rural,Mobitel,4.3,163.2,2793.0,Postpaid,0,50,6.1,Yes,No
CUST0838,Urban,Dialog,25.3,128.6,5710.0,Prepaid,1,117,0.0,No,No
CUST0839,Urban,Airtel,4.2,177.6,3827.0,Prepaid,1,95,8.2,Yes,Yes
CUST0840,Rural,Dialog,21.8,59.1,2665.0,Prepaid,0,63,2.9,No,No
CUST0841,Urban,Dialog,41.4,143.4,5153.0,Postpaid,2,105,4.4,No,Yes
CUST0842,Rural,Airtel,28.6,61.5,5578.0,Postpaid,1,6,6.8,No,No
CUST0843,Urban,Mobitel,16.4,64.3,3467.0,Prepaid,0,116,5.0,No,No
CUST0844,Rural,Mobitel,24.7,88.5,2996.0,Postpaid,1,95,9.2,Yes,No
CUST0845,Urban,SLT,25.2,72.9,3328.0,Prepaid,1,67,6.9,Yes,No
CUST0846,Urban,Dialog,29.7,92.6,4215.0,Postpaid,0,104,4.6,No,No
CUST0847,Urban,Airtel,11.3,109.3,4778.0,Postpaid,1,67,0.0,No,Yes
CUST0848,Rural,Dialog,30.9,161.9,4070.0,Prepaid,3,97,8.0,Yes,No
CUST0849,Urban,SLT,1.0,103.9,3602.0,Postpaid,0,116,1.5,No,Yes
CUST0850,Urban,Dialog,18.7,40.7,4998.0,Postpaid,2,59,7.6,Yes,No
CUST0851,Urban,SLT,20.1,177.0,3187.0,Prepaid,2,13,6.5,No,No
CUST0852,Rural,Dialog,31.3,78.1,4531.0,Postpaid,1,21,4.4,Yes,No
CUST0853,Urban,Dialog,25.2,117.1,3212.0,Prepaid,0,64,7.9,No,No
CUST0854,Rural,Mobitel,10.9,142.3,3931.0,Prepaid,1,37,6.6,Yes,No
CUST0855,Urban,Dialog,15.2,130.0,3386.0,Prepaid,0,80,6.0,No,No
CUST0856,Urban,SLT,27.0,174.7,3444.0,Prepaid,0,85,0.0,Yes,No
CUST0857,Urban,Dialog,24.2,144.0,3123.0,Postpaid,1,48,5.1,Yes,No
CUST0858,Urban,Dialog,19.2,76.9,4845.0,Postpaid,1,56,1.3,No,No
CUST0859,Urban,Dialog,20.2,228.9,2767.0,Postpaid,1,44,1.7,No,No
CUST0860,Urban,Dialog,32.0,129.7,2760.0,Prepaid,1,13,3.9,Yes,No
CUST0861,Rural,Airtel,19.8,112.6,5621.0,Prepaid,4,4,9.4,Yes,No
CUST0862,Urban,Dialog,24.1,168.2,4478.0,Prepaid,2,95,6.1,No,No
CUST0863,Urban,Mobitel,46.7,132.5,1115.0,Postpaid,3,73,6.3,Yes,No
CUST0864,Urban,SLT,10.8,140.0,2935.0,Postpaid,3,112,7.3,No,Yes
CUST0865,Urban,SLT,6.5,244.6,1688.0,Postpaid,2,33,2.4,No,No
CUST0866,Urban,SLT,32.8,106.2,2549.0,Prepaid,1,37,0.3,Yes,No
CUST0867,Urban,SLT,18.2,104.1,500.0,Postpaid,2,53,0.0,No,Yes
CUST0868,Urban,Airtel,21.8,125.8,3363.0,Postpaid,1,101,5.7,No,No
CUST0869,Rural,Dialog,17.2,173.6,2358.0,Prepaid,0,24,8.0,Yes,No
CUST0870,Rural,Dialog,22.4,44.7,3560.0,Postpaid,3,89,7.7,No,Yes
CUST0871,Urban,Airtel,41.0,21.7,1875.0,Prepaid,2,51,2.5,No,No
CUST0872,Urban,Mobitel,33.0,90.6,3583.0,Prepaid,0,41,9.1,No,No
CUST0873,Rural,Airtel,33.6,38.3,3085.0,Prepaid,0,29,11.1,No,No
CUST0874,Urban,SLT,10.8,98.8,5002.0,Prepaid,1,59,6.8,Yes,No
CUST0875,Urban,Airtel,13.5,145.1,4911.0,Prepaid,0,40,9.5,Yes,No
CUST0876,Urban,SLT,1.0,75.5,4285.0,Prepaid,2,51,7.6,Yes,No
CUST0877,Rural,SLT,16.9,48.7,3173.0,Prepaid,1,50,4.3,Yes,Yes
CUST0878,Rural,Dialog,34.6,123.5,5485.0,Postpaid,1,111,3.0,Yes,No
CUST0879,Urban,SLT,30.2,163.1,1947.0,Postpaid,1,36,0.2,No,No
CUST0880,Urban,Dialog,22.8,35.3,2096.0,Postpaid,0,79,3.7,Yes,No
CUST0881,Urban,Dialog,24.8,161.0,3416.0,Prepaid,2,109,4.3,Yes,No
CUST0882,Rural,Airtel,18.1,160.9,5754.0,Prepaid,3,60,4.4,No,Yes
CUST0883,Urban,Dialog,27.0,167.7,3298.0,Prepaid,1,18,4.7,Yes,No
CUST0884,Urban,Dialog,32.7,180.9,3317.0,Prepaid,0,20,0.0,Yes,No
CUST0885,Rural,Dialog,8.8,230.1,2058.0,Postpaid,1,5,7.3,Yes,Yes
CUST0886,Urban,Mobitel,28.0,102.2,4446.0,Postpaid,1,18,7.7,Yes,No
CUST0887,Rural,SLT,34.3,125.5,4453.0,Postpaid,0,40,6.1,No,No
CUST0888,Urban,SLT,20.8,99.2,4289.0,Postpaid,0,1,1.5,No,No
CUST0889,Urban,Airtel,32.0,120.1,2871.0,Prepaid,2,19,6.1,Yes,No
CUST0890,Urban,Airtel,53.1,196.6,2793.0,Prepaid,1,87,5.1,Yes,Yes
CUST0891,Rural,Dialog,24.0,52.7,2207.0,Postpaid,1,26,6.4,Yes,No
CUST0892,Rural,SLT,28.9,76.9,3584.0,Prepaid,1,113,9.7,No,Yes
CUST0893,Rural,Airtel,17.6,188.9,2420.0,Prepaid,1,29,4.5,No,No
CUST0894,Urban,SLT,26.8,171.0,2323.0,Prepaid,3,59,5.5,No,No
CUST0895,Rural,Dialog,29.6,101.8,3076.0,Prepaid,0,63,2.4,Yes,No
CUST0896,Urban,Airtel,26.9,162.7,3011.0,Prepaid,1,98,7.8,Yes,No
CUST0897,Urban,SLT,14.8,137.1,2962.0,Postpaid,0,83,7.1,No,Yes
CUST0898,Rural,Dialog,27.1,195.0,3966.0,Postpaid,0,62,5.6,No,No
CUST0899,Urban,SLT,39.6,123.7,3579.0,Prepaid,1,48,1.8,No,No
CUST0900,Urban,Dialog,29.5,171.3,3212.0,Prepaid,2,62,3.0,Yes,No
CUST0901,Urban,Dialog,34.6,252.1,3683.0,Postpaid,1,18,0.0,No,No
CUST0902,Urban,Airtel,22.6,149.9,2508.0,Prepaid,2,66,2.9,No,No
CUST0903,Urban,Dialog,32.5,122.5,3605.0,Prepaid,0,27,7.1,No,No
CUST0904,Urban,SLT,27.8,156.1,3651.0,Prepaid,3,6,6.2,Yes,No
CUST0905,Urban,SLT,15.5,101.7,1997.0,Prepaid,0,103,5.5,No,No
CUST0906,Rural,Dialog,28.2,239.4,4496.0,Postpaid,1,70,9.5,Yes,Yes
CUST0907,Rural,Mobitel,15.1,129.0,2619.0,Postpaid,0,59,5.9,No,No
CUST0908,Urban,Dialog,18.7,106.4,3590.0,Prepaid,3,6,3.3,Yes,No
CUST0909,Urban,Dialog,26.9,78.2,4664.0,Prepaid,0,31,2.9,No,No
CUST0910,Urban,Dialog,28.0,174.9,4426.0,Prepaid,2,105,4.3,No,No
CUST0911,Urban,Dialog,13.1,163.4,3534.0,Prepaid,1,104,3.6,Yes,No
CUST0912,Urban,Dialog,35.5,95.1,3138.0,Postpaid,2,94,7.9,No,No
CUST0913,Rural,Airtel,30.7,148.8,4448.0,Postpaid,0,56,6.3,Yes,Yes
CUST0914,Urban,Mobitel,18.0,44.6,4175.0,Postpaid,2,54,4.0,No,No
CUST0915,Urban,Dialog,9.6,129.2,2882.0,Postpaid,1,85,4.2,Yes,No
CUST0916,Urban,SLT,23.6,142.6,2705.0,Postpaid,1,41,7.1,Yes,Yes
CUST0917,Urban,Airtel,20.5,205.4,1428.0,Postpaid,1,108,8.0,No,No
CUST0918,Rural,Airtel,26.1,81.5,3654.0,Prepaid,1,18,0.0,Yes,No
CUST0919,Rural,SLT,21.4,56.1,3417.0,Prepaid,0,87,4.5,No,No
CUST0920,Urban,Dialog,4.9,75.2,4636.0,Postpaid,0,102,5.3,No,No
CUST0921,Rural,Dialog,21.1,53.2,3859.0,Prepaid,2,23,6.6,No,No
CUST0922,Urban,Airtel,21.9,186.8,4834.0,Postpaid,0,92,5.3,No,No
CUST0923,Rural,Airtel,31.3,197.4,2803.0,Postpaid,2,36,6.2,Yes,No
CUST0924,Rural,Dialog,18.0,136.0,4638.0,Postpaid,1,25,4.3,No,No
CUST0925,Urban,Dialog,41.8,181.1,2971.0,Prepaid,0,7,2.6,Yes,No
CUST0926,Urban,Mobitel,5.9,126.7,4278.0,Postpaid,0,82,7.4,No,No
CUST0927,Urban,Airtel,38.1,115.2,2041.0,Prepaid,1,20,7.4,No,No
CUST0928,Urban,Mobitel,22.8,103.3,3735.0,Postpaid,3,5,7.0,No,No
CUST0929,Rural,Airtel,33.6,104.5,1515.0,Prepaid,0,18,7.5,Yes,No
CUST0930,Urban,Dialog,25.8,42.6,3233.0,Postpaid,1,106,2.1,No,No
CUST0931,Urban,SLT,36.4,133.2,3940.0,Postpaid,2,104,3.5,No,No
CUST0932,Rural,SLT,21.1,118.0,2979.0,Prepaid,1,33,8.4,No,No
CUST0933,Rural,Dialog,14.0,157.3,2450.0,Prepaid,0,79,6.1,Yes,No
CUST0934,Urban,SLT,39.2,124.7,4346.0,Postpaid,1,35,5.2,No,No
CUST0935,Urban,Airtel,23.9,111.9,3397.0,Prepaid,1,111,4.2,Yes,No
CUST0936,Urban,Dialog,27.2,76.4,3010.0,Postpaid,1,110,8.8,No,No
CUST0937,Urban,Airtel,37.3,123.6,3542.0,Prepaid,1,65,0.0,No,No
CUST0938,Rural,SLT,14.7,156.9,6137.0,Postpaid,1,63,5.9,Yes,No
CUST0939,Urban,Mobitel,31.0,62.8,4654.0,Postpaid,1,85,4.8,Yes,No
CUST0940,Urban,Dialog,19.1,124.4,4663.0,Prepaid,1,72,1.2,No,No
CUST0941,Urban,Dialog,23.7,131.7,3936.0,Prepaid,1,71,9.8,Yes,Yes
CUST0942,Urban,SLT,25.7,84.1,3666.0,Postpaid,2,41,0.0,Yes,No
CUST0943,Rural,Dialog,10.0,90.6,1104.0,Prepaid,2,50,5.4,No,Yes
CUST0944,Rural,Airtel,17.2,131.5,2821.0,Prepaid,2,108,6.6,No,No
CUST0945,Urban,Airtel,38.5,63.3,3019.0,Postpaid,1,104,2.1,No,No
CUST0946,Urban,Dialog,33.9,137.5,1625.0,Prepaid,0,104,5.8,Yes,No
CUST0947,Urban,SLT,24.4,75.2,2343.0,Prepaid,3,30,4.3,Yes,No
CUST0948,Rural,SLT,27.4,173.1,1519.0,Postpaid,2,38,8.0,No,No
CUST0949,Rural,Dialog,22.1,236.9,3462.0,Prepaid,2,35,15.5,No,No
CUST0950,Urban,Mobitel,38.6,77.0,4319.0,Prepaid,1,66,6.0,No,No
CUST0951,Rural,Airtel,23.0,146.7,4607.0,Prepaid,3,46,6.8,No,No
CUST0952,Rural,SLT,27.3,83.7,3915.0,Postpaid,1,8,2.1,No,Yes
CUST0953,Urban,Airtel,36.5,172.0,2537.0,Postpaid,2,102,5.6,Yes,Yes
CUST0954,Rural,SLT,17.2,56.7,1568.0,Postpaid,2,68,3.9,No,No
CUST0955,Urban,Mobitel,40.6,144.0,1743.0,Prepaid,0,37,7.3,No,Yes
CUST0956,Urban,SLT,9.7,76.4,2231.0,Prepaid,1,85,0.7,No,No
CUST0957,Urban,Airtel,41.3,109.7,2611.0,Prepaid,0,13,1.8,No,No
CUST0958,Urban,Airtel,21.3,68.4,3340.0,Prepaid,1,73,8.5,No,No
CUST0959,Urban,Dialog,22.6,161.1,2486.0,Postpaid,1,45,5.6,No,No
CUST0960,Rural,Airtel,6.1,78.2,3839.0,Prepaid,1,29,9.0,Yes,Yes
CUST0961,Urban,Dialog,20.5,147.6,3268.0,Prepaid,0,41,6.1,No,No
CUST0962,Rural,Dialog,14.6,102.8,3511.0,Prepaid,3,56,6.5,No,Yes
CUST0963,Urban,Dialog,18.9,114.3,4640.0,Postpaid,4,88,4.1,No,No
CUST0964,Urban,Mobitel,23.6,127.4,2320.0,Postpaid,1,16,4.4,No,Yes
CUST0965,Urban,Airtel,34.6,81.9,3919.0,Postpaid,0,12,7.9,No,No
CUST0966,Urban,Airtel,27.1,130.5,3486.0,Postpaid,3,66,4.6,No,No
CUST0967,Rural,Airtel,28.1,196.5,3167.0,Prepaid,0,62,8.6,No,Yes
CUST0968,Urban,SLT,14.0,81.1,4385.0,Prepaid,0,19,4.7,No,No
CUST0969,Urban,Mobitel,16.2,178.6,4379.0,Prepaid,1,30,1.5,No,No
CUST0970,Urban,SLT,43.0,194.9,2554.0,Postpaid,1,16,1.2,No,No
CUST0971,Rural,Dialog,17.6,79.2,3318.0,Postpaid,1,88,4.5,No,No
CUST0972,Rural,Dialog,41.6,47.2,3781.0,Postpaid,2,13,7.7,No,No
CUST0973,Rural,Airtel,22.6,135.1,3227.0,Postpaid,2,69,3.0,Yes,No
CUST0974,Urban,Airtel,25.0,92.6,4085.0,Postpaid,1,23,7.2,Yes,No
CUST0975,Urban,Dialog,35.7,213.4,3781.0,Postpaid,2,62,5.3,No,No
CUST0976,Urban,Dialog,37.7,121.7,5333.0,Postpaid,0,102,6.8,No,No
CUST0977,Urban,Airtel,23.9,79.9,1970.0,Postpaid,1,31,4.1,Yes,No
CUST0978,Urban,Dialog,21.1,62.6,3378.0,Prepaid,1,53,5.5,Yes,No
CUST0979,Urban,Airtel,24.4,174.5,2591.0,Postpaid,1,17,7.8,Yes,No
CUST0980,Urban,Mobitel,28.4,91.4,4104.0,Postpaid,0,49,4.9,No,No
CUST0981,Urban,SLT,33.9,122.2,1883.0,Prepaid,0,49,3.4,No,No
CUST0982,Rural,Dialog,25.0,167.8,3846.0,Postpaid,3,67,0.0,Yes,No
CUST0983,Urban,Airtel,31.2,95.8,2870.0,Postpaid,0,26,6.6,No,No
CUST0984,Urban,Airtel,41.4,117.7,2766.0,Prepaid,0,13,2.7,Yes,No
CUST0985,Rural,SLT,28.8,119.2,2054.0,Postpaid,2,108,3.4,No,No
CUST0986,Urban,Mobitel,28.1,154.2,3035.0,Prepaid,0,38,1.8,No,No
CUST0987,Rural,Dialog,9.8,149.5,4585.0,Postpaid,0,22,4.3,No,Yes
CUST0988,Urban,SLT,1.0,109.0,3475.0,Postpaid,0,85,11.3,Yes,No
CUST0989,Urban,Airtel,28.9,123.2,4128.0,Prepaid,5,29,6.1,Yes,Yes
CUST0990,Rural,Airtel,24.1,101.4,5165.0,Prepaid,0,45,3.1,No,Yes
CUST0991,Rural,Dialog,19.9,46.1,3764.0,Postpaid,1,46,3.6,Yes,No
CUST0992,Rural,Airtel,27.4,132.9,2941.0,Prepaid,0,39,0.7,No,No
CUST0993,Urban,SLT,24.4,214.6,3967.0,Prepaid,0,69,1.6,No,No
CUST0994,Urban,Dialog,36.3,75.8,2956.0,Postpaid,1,78,1.1,No,No
CUST0995,Urban,Dialog,25.9,81.3,2996.0,Prepaid,0,82,5.8,No,No
CUST0996,Urban,Airtel,17.5,76.5,1980.0,Prepaid,2,68,6.3,Yes,No
CUST0997,Rural,Dialog,34.9,156.2,4426.0,Postpaid,1,97,5.2,No,No
CUST0998,Urban,Dialog,22.8,142.4,3114.0,Postpaid,0,39,6.1,No,No
CUST0999,Rural,Dialog,30.3,112.1,3682.0,Postpaid,1,20,2.7,Yes,Yes
CUST1000,Urban,Airtel,20.2,74.1,2464.0,Postpaid,4,77,1.6,No,No
CUST1001,Urban,SLT,18.5,124.6,3936.0,Prepaid,0,100,1.5,No,No
CUST1002,Urban,Airtel,25.8,41.8,2738.0,Prepaid,1,109,1.4,No,Yes
CUST1003,Rural,Dialog,25.1,127.2,3358.0,Prepaid,0,68,6.1,Yes,No
CUST1004,Rural,SLT,29.8,163.6,4378.0,Postpaid,0,35,11.0,No,No
CUST1005,Rural,SLT,22.3,57.4,4291.0,Postpaid,1,8,1.9,No,No
CUST1006,Rural,Airtel,6.6,43.4,3478.0,Postpaid,0,52,4.0,Yes,Yes
CUST1007,Rural,Mobitel,20.7,199.0,1732.0,Postpaid,2,40,5.6,No,No
CUST1008,Rural,Dialog,32.9,89.4,6493.0,Postpaid,1,113,4.2,No,No
CUST1009,Urban,SLT,22.0,176.8,5246.0,Prepaid,0,111,6.0,No,No
CUST1010,Urban,Dialog,22.5,112.3,4223.0,Prepaid,0,36,3.3,No,No
CUST1011,Urban,SLT,34.9,111.9,2747.0,Prepaid,2,6,3.0,No,Yes
CUST1012,Rural,Dialog,17.9,141.9,3386.0,Prepaid,0,86,4.5,Yes,No
CUST1013,Rural,Dialog,9.6,75.8,2957.0,Postpaid,3,70,6.0,No,Yes
CUST1014,Urban,Dialog,23.4,126.6,4764.0,Prepaid,0,106,8.8,No,No
CUST1015,Rural,SLT,20.2,100.9,3763.0,Postpaid,2,100,6.1,Yes,Yes
CUST1016,Rural,Dialog,15.3,54.0,2716.0,Postpaid,1,73,4.2,No,No
CUST1017,Urban,Airtel,23.2,136.9,3029.0,Prepaid,1,16,7.5,No,No
CUST1018,Urban,SLT,29.9,106.8,4621.0,Prepaid,0,103,8.0,No,No
CUST1019,Rural,Dialog,24.9,112.1,5100.0,Prepaid,1,46,4.1,No,No
CUST1020,Urban,Airtel,28.1,59.5,5028.0,Prepaid,3,59,4.6,No,Yes
CUST1021,Rural,Dialog,43.1,199.6,4257.0,Postpaid,1,38,3.7,Yes,No
CUST1022,Urban,SLT,21.6,163.8,3247.0,Prepaid,2,97,7.5,No,No
CUST1023,Rural,SLT,27.8,168.2,500.0,Postpaid,0,18,5.2,No,No
CUST1024,Rural,Dialog,19.9,104.7,3797.0,Postpaid,3,12,0.8,Yes,No
CUST1025,Rural,Dialog,16.5,33.5,3498.0,Postpaid,1,54,6.2,Yes,Yes
CUST1026,Urban,Dialog,19.2,217.6,3640.0,Postpaid,2,91,9.5,No,No
CUST1027,Rural,Mobitel,20.2,116.9,3554.0,Prepaid,0,47,9.7,No,No
CUST1028,Rural,SLT,28.6,82.6,2174.0,Prepaid,1,1,3.6,Yes,No
CUST1029,Urban,SLT,48.5,140.8,4057.0,Prepaid,2,15,2.9,Yes,No
CUST1030,Rural,SLT,17.8,178.4,4132.0,Prepaid,2,111,10.7,Yes,No
CUST1031,Urban,Dialog,20.8,118.8,4182.0,Postpaid,0,91,9.7,No,Yes
CUST1032,Urban,SLT,24.4,183.9,4447.0,Postpaid,3,80,6.4,Yes,No
CUST1033,Urban,Airtel,29.0,174.1,4104.0,Prepaid,0,21,0.0,No,No
CUST1034,Urban,Dialog,27.6,66.2,3090.0,Prepaid,0,1,3.2,Yes,Yes
CUST1035,Urban,Dialog,37.8,86.3,3429.0,Prepaid,0,93,1.7,No,Yes
CUST1036,Rural,Dialog,1.0,167.9,3591.0,Postpaid,1,67,10.4,No,No
CUST1037,Urban,SLT,1.1,1.0,3608.0,Postpaid,1,12,0.4,No,Yes
CUST1038,Rural,Mobitel,20.0,112.5,4498.0,Postpaid,2,28,10.4,No,Yes
CUST1039,Urban,Dialog,36.0,48.5,4144.0,Postpaid,1,39,4.7,Yes,No
CUST1040,Urban,SLT,9.3,96.2,5577.0,Prepaid,0,37,1.4,No,No
CUST1041,Urban,Dialog,1.0,105.1,5706.0,Prepaid,1,95,8.0,Yes,Yes
CUST1042,Rural,Mobitel,30.7,102.1,3580.0,Prepaid,2,60,6.9,No,No
CUST1043,Urban,Dialog,27.4,92.4,500.0,Prepaid,0,31,1.2,Yes,No
CUST1044,Rural,SLT,14.1,65.1,4737.0,Postpaid,1,58,4.9,No,No
CUST1045,Rural,Airtel,15.1,234.6,2960.0,Postpaid,2,97,9.1,No,No
CUST1046,Rural,Airtel,15.3,213.4,2699.0,Postpaid,3,97,3.8,No,No
CUST1047,Urban,SLT,26.1,61.9,3102.0,Prepaid,2,111,10.0,No,No
CUST1048,Urban,Dialog,18.7,199.1,3053.0,Prepaid,1,104,2.8,No,No
CUST1049,Rural,Dialog,29.9,100.0,4112.0,Prepaid,0,11,0.1,No,Yes
CUST1050,Urban,Dialog,1.0,126.5,1941.0,Postpaid,4,110,5.1,No,Yes
CUST1051,Rural,Dialog,16.4,116.8,2422.0,Postpaid,0,29,0.6,Yes,No
CUST1052,Urban,SLT,13.7,87.0,3843.0,Prepaid,1,89,5.4,No,Yes
CUST1053,Rural,Dialog,22.4,169.2,4123.0,Postpaid,1,119,5.0,No,No
CUST1054,Rural,Dialog,19.6,126.3,4142.0,Postpaid,0,13,2.7,Yes,No
CUST1055,Rural,SLT,33.0,96.2,2713.0,Prepaid,0,51,10.6,No,No
CUST1056,Urban,Mobitel,6.4,54.8,2522.0,Postpaid,2,108,5.0,No,Yes
CUST1057,Rural,SLT,25.5,75.3,2993.0,Prepaid,1,54,7.6,No,No
CUST1058,Urban,Dialog,30.6,37.9,3740.0,Postpaid,0,19,7.8,No,No
CUST1059,Urban,Dialog,43.6,120.6,4985.0,Postpaid,0,58,10.3,No,No
CUST1060,Rural,Mobitel,20.2,60.2,1453.0,Postpaid,1,36,1.4,Yes,No
CUST1061,Rural,Dialog,28.2,106.7,3279.0,Prepaid,0,28,0.0,Yes,Yes
CUST1062,Rural,Dialog,7.0,188.5,2167.0,Prepaid,1,68,10.2,No,Yes
CUST1063,Rural,SLT,1.1,180.0,1848.0,Prepaid,0,3,6.7,No,No
CUST1064,Urban,SLT,33.4,118.4,4467.0,Prepaid,1,102,5.4,No,No
CUST1065,Urban,SLT,24.9,115.6,4045.0,Postpaid,0,101,4.6,No,No
CUST1066,Rural,Dialog,36.8,214.0,3949.0,Postpaid,1,107,4.1,Yes,No
CUST1067,Urban,Dialog,11.3,146.0,4421.0,Prepaid,1,89,7.6,No,No
CUST1068,Urban,Mobitel,30.2,103.6,3020.0,Prepaid,1,41,0.7,Yes,No
CUST1069,Urban,Dialog,43.7,48.7,3067.0,Prepaid,1,35,6.4,Yes,No
CUST1070,Urban,SLT,29.2,139.7,5686.0,Prepaid,1,93,8.1,No,No
CUST1071,Urban,Airtel,27.8,161.5,3253.0,Prepaid,0,105,7.2,Yes,No
CUST1072,Urban,SLT,25.1,88.4,4235.0,Prepaid,1,93,4.8,No,No
CUST1073,Urban,Dialog,9.3,134.6,3506.0,Postpaid,1,76,5.0,Yes,No
CUST1074,Urban,Dialog,38.6,101.8,1652.0,Prepaid,1,99,8.9,Yes,No
CUST1075,Rural,SLT,18.9,110.8,1455.0,Postpaid,1,84,6.7,No,No
CUST1076,Urban,Airtel,30.0,1.0,2921.0,Postpaid,3,81,10.3,No,No
CUST1077,Urban,Mobitel,9.4,108.9,4556.0,Prepaid,1,117,0.0,Yes,Yes
CUST1078,Rural,Dialog,13.2,168.5,4288.0,Postpaid,0,76,7.7,No,Yes
CUST1079,Urban,Dialog,39.4,88.4,4414.0,Postpaid,1,50,2.6,No,Yes
CUST1080,Rural,Mobitel,21.5,122.6,2513.0,Postpaid,1,100,4.8,No,Yes
CUST1081,Rural,Airtel,39.5,82.2,5116.0,Prepaid,3,74,9.1,Yes,Yes
CUST1082,Urban,Airtel,24.2,138.0,2535.0,Prepaid,2,82,2.0,No,No
CUST1083,Urban,Dialog,6.6,109.2,3713.0,Postpaid,0,30,11.3,No,No
CUST1084,Rural,SLT,33.9,73.0,3490.0,Postpaid,0,72,8.3,Yes,No
CUST1085,Rural,Airtel,19.1,186.6,3326.0,Prepaid,2,105,6.7,Yes,Yes
CUST1086,Urban,SLT,32.0,166.4,4839.0,Prepaid,1,115,2.2,No,No
CUST1087,Rural,SLT,25.3,89.8,2795.0,Prepaid,2,77,4.5,Yes,No
CUST1088,Urban,Dialog,9.6,144.9,2150.0,Prepaid,0,95,3.9,Yes,No
CUST1089,Rural,SLT,26.6,146.9,3520.0,Postpaid,0,70,1.3,Yes,No
CUST1090,Urban,Dialog,47.0,152.1,3100.0,Prepaid,0,54,8.3,No,No
CUST1091,Rural,SLT,29.9,35.3,6877.0,Prepaid,0,71,3.8,No,No
CUST1092,Rural,Mobitel,24.4,170.3,4177.0,Postpaid,1,85,4.5,Yes,No
CUST1093,Rural,Dialog,35.8,91.5,3091.0,Prepaid,0,102,4.6,No,No
CUST1094,Urban,Airtel,27.1,102.1,2444.0,Postpaid,0,107,4.4,No,No
CUST1095,Urban,Dialog,27.1,251.9,1620.0,Postpaid,2,113,6.6,Yes,No
CUST1096,Urban,SLT,14.1,135.1,2475.0,Prepaid,0,51,3.1,No,No
CUST1097,Urban,Mobitel,27.3,100.7,3615.0,Postpaid,1,28,8.1,No,No
CUST1098,Urban,Dialog,35.4,9.7,4927.0,Postpaid,0,64,3.2,No,No
CUST1099,Rural,Dialog,16.6,189.5,4622.0,Prepaid,4,108,4.9,Yes,Yes
CUST1100,Urban,SLT,39.2,52.7,3729.0,Prepaid,0,85,1.1,No,No
CUST1101,Urban,Dialog,24.1,69.8,3177.0,Postpaid,1,21,8.2,No,No
CUST1102,Rural,Airtel,16.1,103.4,3769.0,Postpaid,1,88,9.0,No,No
CUST1103,Rural,Mobitel,35.0,190.8,2981.0,Postpaid,1,27,7.1,No,No
CUST1104,Rural,SLT,22.1,158.7,5218.0,Prepaid,1,27,5.5,Yes,No
CUST1105,Rural,Dialog,32.6,112.1,3311.0,Postpaid,0,77,4.9,No,No
CUST1106,Urban,SLT,22.1,135.4,3414.0,Prepaid,0,50,0.3,No,No
CUST1107,Urban,Airtel,24.4,90.0,1284.0,Postpaid,2,29,0.9,Yes,No
CUST1108,Rural,Dialog,29.9,127.0,3305.0,Postpaid,0,39,7.3,Yes,No
CUST1109,Rural,SLT,27.9,123.7,4336.0,Postpaid,1,57,4.5,Yes,Yes
CUST1110,Urban,SLT,5.0,168.4,2432.0,Postpaid,0,119,0.9,No,Yes
CUST1111,Rural,SLT,13.8,168.4,2749.0,Postpaid,0,92,0.8,No,No
CUST1112,Urban,Dialog,34.3,144.7,4293.0,Postpaid,1,37,6.9,No,No
CUST1113,Urban,Airtel,23.7,101.9,2023.0,Prepaid,0,93,7.6,Yes,No
CUST1114,Urban,Dialog,19.8,157.1,4558.0,Postpaid,1,64,0.4,No,No
CUST1115,Urban,Dialog,11.4,115.4,2968.0,Postpaid,1,48,5.5,No,No
CUST1116,Urban,Airtel,14.2,65.9,3111.0,Prepaid,1,22,6.2,Yes,Yes
CUST1117,Urban,Airtel,4.8,99.8,2376.0,Prepaid,0,100,3.2,Yes,No
CUST1118,Rural,Dialog,24.0,124.2,3878.0,Prepaid,2,30,8.7,Yes,Yes
CUST1119,Urban,Dialog,19.0,165.5,5960.0,Postpaid,0,28,4.0,No,Yes
CUST1120,Urban,Dialog,15.3,110.8,4281.0,Postpaid,0,23,0.0,No,No
CUST1121,Rural,Dialog,24.3,59.5,2636.0,Prepaid,2,97,4.4,No,No
CUST1122,Rural,Dialog,28.6,122.8,4636.0,Postpaid,3,4,9.1,Yes,Yes
CUST1123,Rural,Dialog,45.9,125.7,3183.0,Prepaid,0,3,4.0,No,No
CUST1124,Rural,SLT,9.9,129.3,4874.0,Postpaid,0,61,1.9,No,Yes
CUST1125,Rural,Airtel,36.6,166.0,4307.0,Prepaid,3,96,6.9,No,Yes
CUST1126,Urban,SLT,34.7,170.9,557.0,Prepaid,0,4,5.8,Yes,Yes
CUST1127,Urban,SLT,17.2,90.3,2496.0,Prepaid,0,65,5.0,No,No
CUST1128,Urban,Dialog,27.0,89.2,4444.0,Prepaid,1,12,6.4,No,No
CUST1129,Urban,Mobitel,20.4,68.0,3652.0,Postpaid,0,13,2.9,Yes,No
CUST1130,Urban,Airtel,26.9,154.9,2476.0,Postpaid,1,34,3.2,Yes,No
CUST1131,Rural,Airtel,40.1,192.4,2866.0,Prepaid,1,59,7.2,No,Yes
CUST1132,Urban,Airtel,31.1,104.2,1594.0,Prepaid,3,93,2.1,No,Yes
CUST1133,Urban,Mobitel,30.1,107.9,3412.0,Prepaid,4,73,9.8,No,Yes
CUST1134,Urban,SLT,20.7,193.3,5711.0,Postpaid,0,31,8.7,Yes,No
CUST1135,Rural,Dialog,10.2,145.3,4305.0,Postpaid,0,71,1.6,No,Yes
CUST1136,Urban,SLT,22.9,141.8,5690.0,Prepaid,2,13,9.4,Yes,Yes
CUST1137,Rural,Airtel,37.1,60.5,4382.0,Postpaid,0,54,5.5,No,No
CUST1138,Urban,Airtel,9.7,153.9,4527.0,Prepaid,1,2,9.2,No,No
CUST1139,Urban,SLT,14.4,73.5,5474.0,Postpaid,1,33,5.4,No,Yes
CUST1140,Urban,Dialog,26.3,63.3,3877.0,Postpaid,1,50,4.5,Yes,No
CUST1141,Rural,Dialog,15.2,102.7,3313.0,Postpaid,0,7,4.2,No,No
CUST1142,Urban,Mobitel,17.1,90.7,4533.0,Postpaid,2,18,0.0,No,Yes
CUST1143,Rural,SLT,20.8,108.9,4954.0,Postpaid,1,51,7.8,No,No
CUST1144,Urban,SLT,11.3,48.0,3020.0,Postpaid,2,8,2.9,No,No
CUST1145,Urban,Dialog,15.3,167.9,2778.0,Postpaid,1,55,7.9,No,No
CUST1146,Rural,Dialog,32.0,176.4,3639.0,Prepaid,3,76,10.0,No,Yes
CUST1147,Rural,Airtel,11.9,22.6,4331.0,Prepaid,0,43,3.3,Yes,No
CUST1148,Rural,SLT,9.0,168.9,4298.0,Prepaid,0,59,3.1,No,Yes
CUST1149,Rural,Airtel,18.7,79.5,2076.0,Postpaid,1,30,8.0,Yes,No
CUST1150,Rural,SLT,32.3,162.8,5412.0,Prepaid,2,59,3.6,No,No
CUST1151,Rural,SLT,23.0,116.6,2859.0,Prepaid,0,9,9.0,No,Yes
CUST1152,Rural,Dialog,20.4,121.4,3235.0,Prepaid,0,92,2.9,Yes,No
CUST1153,Rural,Airtel,25.4,110.7,2597.0,Prepaid,0,68,9.3,No,No
CUST1154,Rural,SLT,7.5,180.6,6198.0,Postpaid,0,39,4.1,No,Yes
CUST1155,Rural,SLT,29.9,58.0,3742.0,Postpaid,1,81,6.0,No,No
CUST1156,Rural,SLT,28.8,150.4,2649.0,Postpaid,0,11,7.9,No,No
CUST1157,Urban,Mobitel,20.9,175.1,4364.0,Postpaid,1,2,6.5,No,Yes
CUST1158,Rural,Dialog,35.1,155.8,4269.0,Postpaid,1,23,8.2,No,No
CUST1159,Rural,Airtel,13.7,236.2,3312.0,Prepaid,2,63,0.6,Yes,Yes
CUST1160,Urban,Dialog,36.3,93.6,4341.0,Prepaid,2,114,3.8,Yes,No
CUST1161,Rural,SLT,26.5,167.9,2675.0,Postpaid,0,22,5.2,No,No
CUST1162,Urban,Dialog,21.6,114.7,3007.0,Prepaid,1,61,2.7,No,No
CUST1163,Urban,Dialog,24.8,181.7,1490.0,Prepaid,1,26,7.9,Yes,No
CUST1164,Rural,SLT,23.9,119.6,2176.0,Postpaid,0,12,3.5,No,No
CUST1165,Urban,Dialog,37.2,100.6,5308.0,Prepaid,0,32,2.7,Yes,Yes
CUST1166,Rural,SLT,14.2,185.3,5141.0,Prepaid,0,9,7.8,No,Yes
CUST1167,Rural,Mobitel,17.4,95.4,3566.0,Prepaid,0,107,1.9,Yes,No
CUST1168,Urban,Dialog,35.4,49.4,5163.0,Prepaid,0,69,2.0,No,No
CUST1169,Urban,Airtel,19.0,94.2,3340.0,Prepaid,0,90,6.5,No,No
CUST1170,Urban,SLT,34.0,151.0,3257.0,Prepaid,0,71,9.0,No,No
CUST1171,Rural,SLT,42.0,189.6,3557.0,Postpaid,1,93,5.5,No,No
CUST1172,Rural,Dialog,21.0,125.6,3375.0,Postpaid,0,33,0.2,No,No
CUST1173,Rural,Dialog,31.8,185.9,3285.0,Prepaid,0,24,7.1,No,No
CUST1174,Urban,Dialog,13.5,52.1,4643.0,Postpaid,3,89,3.2,No,No
CUST1175,Rural,Dialog,32.5,97.8,3650.0,Prepaid,1,95,8.4,Yes,Yes
CUST1176,Urban,Dialog,27.0,105.6,4212.0,Prepaid,0,93,3.9,No,Yes
CUST1177,Rural,SLT,29.7,114.3,4531.0,Prepaid,3,69,8.4,No,Yes
CUST1178,Urban,Airtel,18.5,124.2,3888.0,Postpaid,1,38,3.7,No,No
CUST1179,Rural,Airtel,8.4,154.5,2530.0,Prepaid,1,109,2.9,No,No
CUST1180,Urban,SLT,30.0,97.8,2147.0,Postpaid,1,11,0.0,No,No
CUST1181,Rural,Dialog,4.4,127.0,3649.0,Postpaid,1,32,3.0,No,No
CUST1182,Urban,Dialog,21.8,117.7,3329.0,Postpaid,1,64,5.5,No,No
CUST1183,Rural,Dialog,34.4,73.7,3587.0,Postpaid,0,72,5.3,Yes,No
CUST1184,Rural,Dialog,26.9,114.3,3484.0,Postpaid,1,20,6.8,No,Yes
CUST1185,Urban,SLT,44.5,112.8,6084.0,Prepaid,1,34,8.7,Yes,No
CUST1186,Rural,SLT,35.3,111.7,2170.0,Prepaid,1,111,5.1,Yes,No
CUST1187,Rural,Dialog,18.5,121.6,1510.0,Postpaid,0,42,5.2,No,No
CUST1188,Urban,Dialog,25.3,123.8,3832.0,Postpaid,2,8,8.3,Yes,No
CUST1189,Urban,Airtel,24.5,98.4,3124.0,Prepaid,1,66,5.7,No,No
CUST1190,Rural,Airtel,9.2,183.6,3816.0,Prepaid,0,21,2.2,No,Yes
CUST1191,Urban,Dialog,15.6,61.5,4084.0,Prepaid,1,79,3.4,No,No
CUST1192,Urban,Mobitel,19.4,84.0,4784.0,Prepaid,1,70,0.0,Yes,No
CUST1193,Urban,Mobitel,4.6,259.0,1993.0,Prepaid,2,5,2.2,Yes,No
CUST1194,Rural,Dialog,25.5,68.1,2943.0,Postpaid,0,118,0.0,No,No
CUST1195,Urban,Dialog,22.5,52.3,3929.0,Postpaid,0,118,6.1,Yes,No
CUST1196,Rural,SLT,8.3,156.7,4270.0,Prepaid,0,67,8.6,No,Yes
CUST1197,Rural,Mobitel,29.0,16.1,5693.0,Postpaid,2,107,2.2,No,Yes
CUST1198,Rural,Airtel,32.2,108.2,4456.0,Postpaid,1,43,2.3,No,No
CUST1199,Rural,Dialog,27.3,227.3,3443.0,Prepaid,2,16,7.8,No,Yes
CUST1200,Urban,Dialog,21.8,42.8,2610.0,Prepaid,0,99,3.6,Yes,No
CUST1201,Rural,SLT,30.9,20.9,2936.0,Postpaid,1,73,5.8,No,No
CUST1202,Urban,SLT,31.8,45.0,2907.0,Postpaid,1,35,7.2,Yes,No
CUST1203,Urban,Dialog,28.1,164.9,4155.0,Prepaid,1,83,2.9,No,No
CUST1204,Urban,Airtel,16.8,176.2,3757.0,Postpaid,1,43,2.9,No,No
CUST1205,Urban,SLT,27.8,94.4,2176.0,Prepaid,2,110,3.5,Yes,No
CUST1206,Rural,Airtel,37.0,154.2,3064.0,Prepaid,2,98,0.3,Yes,No
CUST1207,Rural,Airtel,19.0,189.5,4378.0,Prepaid,0,39,6.5,No,No
CUST1208,Urban,Airtel,46.0,209.4,3852.0,Prepaid,0,10,6.8,No,No
CUST1209,Urban,SLT,19.7,107.7,4069.0,Postpaid,3,74,5.2,Yes,No
CUST1210,Rural,SLT,25.3,4.9,3883.0,Postpaid,1,20,9.1,No,Yes
CUST1211,Urban,Dialog,18.3,79.0,5126.0,Prepaid,1,1,4.2,No,Yes
CUST1212,Urban,SLT,27.2,98.7,3736.0,Postpaid,2,6,6.9,No,Yes
CUST1213,Urban,Dialog,7.6,107.1,3114.0,Postpaid,2,53,6.5,No,No
CUST1214,Rural,SLT,19.5,110.6,2584.0,Prepaid,1,46,2.6,Yes,No
CUST1215,Rural,Dialog,14.1,175.9,3750.0,Postpaid,2,66,8.5,No,No
CUST1216,Urban,Dialog,26.4,183.7,1059.0,Prepaid,1,38,5.4,No,No
CUST1217,Urban,Dialog,34.9,111.4,3316.0,Postpaid,0,33,7.9,No,No
CUST1218,Rural,Dialog,31.5,174.9,3294.0,Prepaid,1,67,1.1,No,Yes
CUST1219,Rural,Airtel,1.3,137.9,2136.0,Postpaid,1,100,5.3,No,Yes
CUST1220,Urban,Airtel,45.4,123.2,2572.0,Prepaid,1,77,3.6,Yes,No
CUST1221,Rural,SLT,28.0,165.3,4310.0,Postpaid,1,35,2.4,No,No
CUST1222,Urban,Dialog,17.2,123.6,3731.0,Postpaid,0,79,9.2,No,Yes
CUST1223,Urban,Dialog,26.6,222.9,3602.0,Prepaid,0,45,5.6,Yes,No
CUST1224,Rural,Dialog,26.8,48.1,3806.0,Prepaid,2,22,0.6,No,No
CUST1225,Urban,Dialog,18.3,94.2,3593.0,Prepaid,5,107,3.5,Yes,No
CUST1226,Rural,Airtel,27.0,113.7,4743.0,Postpaid,1,68,7.8,No,Yes
CUST1227,Urban,Dialog,18.9,142.0,3623.0,Prepaid,1,17,2.4,No,No
CUST1228,Urban,Dialog,21.0,183.4,2042.0,Postpaid,1,5,2.1,No,No
CUST1229,Rural,Dialog,18.1,118.8,5130.0,Prepaid,1,85,4.6,No,No
CUST1230,Urban,Dialog,10.7,48.9,3870.0,Prepaid,2,57,6.4,No,No
CUST1231,Rural,SLT,26.5,162.1,2911.0,Prepaid,1,88,2.8,No,No
CUST1232,Urban,SLT,30.9,157.7,2247.0,Prepaid,2,95,6.2,No,No
CUST1233,Urban,Dialog,30.1,22.9,3896.0,Postpaid,2,40,5.1,Yes,Yes
CUST1234,Urban,Dialog,33.2,119.8,3383.0,Postpaid,0,117,5.5,Yes,Yes
CUST1235,Rural,Dialog,28.2,40.5,5074.0,Prepaid,1,30,0.0,No,No
CUST1236,Urban,Dialog,19.7,86.8,3154.0,Postpaid,1,42,5.0,No,No
CUST1237,Rural,Dialog,33.4,74.9,2663.0,Prepaid,2,7,4.2,No,Yes
CUST1238,Urban,Mobitel,11.4,160.5,4396.0,Postpaid,2,113,6.2,No,No
CUST1239,Rural,SLT,16.0,125.8,4425.0,Prepaid,1,71,3.0,No,Yes
CUST1240,Urban,SLT,15.4,55.7,3669.0,Postpaid,3,91,3.9,Yes,Yes
CUST1241,Rural,SLT,35.8,164.0,4176.0,Postpaid,2,88,6.6,No,No
CUST1242,Rural,SLT,34.4,48.3,3462.0,Prepaid,0,19,9.3,No,No
CUST1243,Rural,SLT,29.9,136.5,3734.0,Postpaid,0,41,1.0,No,No
CUST1244,Rural,SLT,35.7,79.3,4665.0,Prepaid,0,34,6.5,No,No
CUST1245,Rural,Airtel,16.2,101.7,4125.0,Prepaid,0,22,8.7,No,No
CUST1246,Rural,Dialog,28.5,145.2,3331.0,Prepaid,0,52,7.1,No,No
CUST1247,Urban,SLT,23.7,146.1,4852.0,Prepaid,1,115,8.5,No,No
CUST1248,Urban,SLT,33.5,186.8,1135.0,Prepaid,0,91,3.4,No,No
CUST1249,Rural,Airtel,23.8,115.9,5552.0,Prepaid,0,6,8.7,No,Yes
CUST1250,Rural,SLT,21.2,135.3,1794.0,Prepaid,0,74,2.8,Yes,No
CUST1251,Rural,SLT,30.4,98.1,2873.0,Prepaid,0,109,5.2,Yes,No
CUST1252,Urban,Dialog,33.8,129.1,3459.0,Postpaid,4,95,3.5,Yes,No
CUST1253,Urban,SLT,18.3,142.0,3354.0,Postpaid,0,25,3.6,No,No
CUST1254,Urban,Dialog,24.4,115.1,4506.0,Prepaid,0,66,0.0,Yes,Yes
CUST1255,Rural,Dialog,14.4,29.8,2442.0,Prepaid,1,10,0.0,No,Yes
CUST1256,Urban,Dialog,1.0,136.6,3761.0,Prepaid,1,74,8.5,No,No
CUST1257,Urban,SLT,27.0,138.2,2922.0,Postpaid,0,26,0.0,No,No
CUST1258,Urban,Dialog,31.1,86.0,3795.0,Postpaid,3,5,5.8,Yes,No
CUST1259,Urban,Dialog,27.6,55.8,3435.0,Prepaid,3,86,1.1,Yes,No
CUST1260,Urban,Airtel,5.5,193.8,3593.0,Prepaid,2,68,2.5,Yes,Yes
CUST1261,Urban,Dialog,21.5,144.6,2950.0,Prepaid,3,119,7.1,No,No
CUST1262,Rural,SLT,2.8,108.5,2990.0,Prepaid,2,98,5.5,No,Yes
CUST1263,Urban,SLT,38.7,63.1,3787.0,Postpaid,0,71,4.6,No,Yes
CUST1264,Urban,Dialog,14.1,78.9,4444.0,Postpaid,1,50,8.4,No,No
CUST1265,Urban,Airtel,37.6,185.1,2902.0,Prepaid,1,17,4.1,No,Yes
CUST1266,Urban,Dialog,34.5,126.9,2631.0,Postpaid,2,11,8.7,Yes,Yes
CUST1267,Urban,SLT,16.0,92.5,4113.0,Prepaid,0,53,1.8,No,No
CUST1268,Urban,SLT,13.7,145.5,3467.0,Prepaid,1,50,1.4,No,Yes
CUST1269,Rural,SLT,28.5,79.3,4330.0,Postpaid,0,8,4.6,No,No
CUST1270,Urban,SLT,16.6,195.0,2594.0,Postpaid,4,92,5.0,Yes,Yes
CUST1271,Rural,Dialog,26.0,187.6,1721.0,Prepaid,0,108,2.4,No,Yes
CUST1272,Rural,Dialog,20.2,96.7,2967.0,Prepaid,0,97,4.2,Yes,No
CUST1273,Rural,Airtel,7.2,88.6,2734.0,Postpaid,2,116,9.1,No,No
CUST1274,Urban,SLT,2.7,1.0,3421.0,Postpaid,1,62,3.8,No,No
CUST1275,Urban,Airtel,27.3,45.9,2863.0,Prepaid,2,89,0.0,No,No
CUST1276,Urban,Airtel,19.4,53.0,4241.0,Prepaid,2,85,0.0,No,No
CUST1277,Urban,Airtel,19.5,126.8,3212.0,Prepaid,2,76,11.3,Yes,No
CUST1278,Rural,SLT,32.0,103.7,3650.0,Postpaid,0,90,9.4,No,Yes
CUST1279,Urban,Dialog,36.7,52.7,3658.0,Postpaid,1,29,3.7,Yes,No
CUST1280,Urban,Airtel,22.3,105.9,3695.0,Prepaid,2,102,7.4,No,No
CUST1281,Rural,SLT,21.6,145.3,3476.0,Postpaid,1,99,5.8,No,No
CUST1282,Rural,Dialog,30.0,146.4,4011.0,Postpaid,3,101,8.8,No,Yes
CUST1283,Urban,Airtel,11.4,25.0,2704.0,Prepaid,2,110,1.8,No,Yes
CUST1284,Urban,Airtel,27.2,113.6,4899.0,Prepaid,3,44,1.9,No,No
CUST1285,Urban,SLT,30.5,50.8,3263.0,Postpaid,0,109,9.0,No,No
CUST1286,Urban,Dialog,31.8,165.1,2188.0,Postpaid,1,45,0.5,Yes,No
CUST1287,Urban,Dialog,5.6,159.2,3688.0,Postpaid,0,29,5.2,No,No
CUST1288,Urban,Airtel,17.4,75.1,2649.0,Postpaid,0,113,4.9,No,No
CUST1289,Urban,Mobitel,16.2,81.7,4165.0,Prepaid,0,88,7.4,No,No
CUST1290,Urban,Dialog,26.0,96.9,5710.0,Prepaid,0,59,5.4,No,No
CUST1291,Urban,Dialog,29.8,7.4,2713.0,Postpaid,1,15,4.6,No,No
CUST1292,Urban,Airtel,40.0,136.8,3832.0,Prepaid,1,70,3.9,No,No
CUST1293,Urban,Dialog,20.1,106.4,1744.0,Postpaid,1,96,2.0,Yes,No
CUST1294,Rural,SLT,20.0,168.5,3954.0,Postpaid,2,44,4.5,No,No
CUST1295,Rural,Mobitel,36.5,65.1,2614.0,Postpaid,1,98,8.5,No,Yes
CUST1296,Urban,Dialog,28.0,89.0,2875.0,Prepaid,4,36,4.1,No,No
CUST1297,Urban,SLT,37.7,44.7,2399.0,Postpaid,1,84,9.2,Yes,No
CUST1298,Urban,Dialog,27.9,69.8,4232.0,Postpaid,1,57,7.2,No,No
CUST1299,Rural,Dialog,13.4,60.9,4507.0,Postpaid,2,117,6.4,Yes,No
CUST1300,Rural,Airtel,11.7,169.8,3523.0,Prepaid,0,64,4.5,No,Yes
CUST1301,Urban,SLT,9.5,85.1,2636.0,Prepaid,0,76,3.1,Yes,Yes
CUST1302,Rural,Mobitel,31.6,126.2,5090.0,Prepaid,1,99,10.0,No,Yes
CUST1303,Urban,SLT,36.9,101.0,2750.0,Prepaid,3,113,7.4,Yes,No
CUST1304,Urban,Dialog,43.5,56.5,1338.0,Prepaid,0,38,4.6,Yes,Yes
CUST1305,Rural,Dialog,33.4,111.6,3958.0,Postpaid,3,17,10.1,No,No
CUST1306,Rural,Dialog,36.6,150.0,2395.0,Postpaid,1,27,6.9,Yes,Yes
CUST1307,Rural,Dialog,19.2,59.6,4489.0,Postpaid,3,17,0.7,Yes,No
CUST1308,Rural,Dialog,13.4,160.5,3119.0,Postpaid,0,63,3.7,Yes,Yes
CUST1309,Urban,Dialog,33.5,77.5,4104.0,Prepaid,2,11,7.2,No,Yes
CUST1310,Rural,SLT,29.2,95.9,4902.0,Postpaid,1,64,9.5,No,No
CUST1311,Urban,Airtel,26.1,146.5,2291.0,Prepaid,1,119,12.1,Yes,Yes
CUST1312,Rural,SLT,28.9,86.8,2934.0,Prepaid,1,39,5.1,No,No
CUST1313,Urban,Airtel,28.2,121.9,3424.0,Prepaid,1,2,6.8,Yes,Yes
CUST1314,Rural,Dialog,37.8,104.3,5038.0,Postpaid,0,115,3.2,No,No
CUST1315,Urban,Dialog,37.9,126.5,2842.0,Postpaid,1,66,2.3,No,No
CUST1316,Rural,SLT,30.4,1.0,2905.0,Prepaid,4,54,0.0,No,Yes
CUST1317,Urban,SLT,33.5,28.5,3978.0,Postpaid,0,29,6.2,No,Yes
CUST1318,Rural,Dialog,30.1,150.8,2923.0,Prepaid,1,45,8.8,Yes,Yes
CUST1319,Urban,Airtel,20.4,171.9,3653.0,Prepaid,1,88,7.3,Yes,No
CUST1320,Urban,Airtel,32.6,74.5,1948.0,Postpaid,1,88,5.3,No,No
CUST1321,Urban,SLT,11.1,107.8,5714.0,Postpaid,1,80,8.7,Yes,Yes
CUST1322,Urban,Dialog,35.5,134.7,2152.0,Postpaid,0,31,13.9,Yes,No
CUST1323,Rural,Airtel,13.1,154.7,3178.0,Postpaid,1,49,2.5,Yes,No
CUST1324,Urban,SLT,27.9,18.6,3468.0,Postpaid,2,107,0.0,No,Yes
CUST1325,Rural,Airtel,16.5,75.7,5413.0,Postpaid,2,9,6.0,No,Yes
CUST1326,Urban,Airtel,30.5,103.4,2175.0,Postpaid,1,27,8.2,Yes,Yes
CUST1327,Urban,Airtel,24.7,155.2,5484.0,Postpaid,0,56,0.4,Yes,No
CUST1328,Rural,SLT,9.1,244.9,4257.0,Postpaid,0,105,7.5,No,Yes
CUST1329,Rural,Dialog,29.2,108.6,3917.0,Postpaid,1,78,4.0,Yes,No
CUST1330,Urban,SLT,19.2,49.7,2515.0,Prepaid,1,45,6.0,No,No
CUST1331,Urban,SLT,33.8,140.1,4071.0,Postpaid,1,89,2.2,Yes,Yes
CUST1332,Rural,Airtel,25.0,186.0,2777.0,Prepaid,0,43,2.1,No,No
CUST1333,Urban,Dialog,29.0,125.4,4767.0,Prepaid,1,108,1.7,No,No
CUST1334,Rural,Dialog,15.4,74.7,2529.0,Postpaid,0,22,7.0,Yes,Yes
CUST1335,Rural,Airtel,19.1,167.9,3387.0,Prepaid,0,99,3.1,No,Yes
CUST1336,Rural,Airtel,20.4,153.2,2945.0,Postpaid,2,33,5.8,No,Yes
CUST1337,Urban,Mobitel,33.6,68.7,2512.0,Postpaid,0,27,5.1,No,No
CUST1338,Rural,Airtel,41.8,139.1,4241.0,Prepaid,1,40,1.5,No,No
CUST1339,Urban,SLT,16.9,169.9,4035.0,Prepaid,3,26,5.2,Yes,Yes
CUST1340,Urban,SLT,35.8,179.1,4709.0,Postpaid,3,83,5.7,Yes,No
CUST1341,Urban,Airtel,3.3,116.7,1720.0,Prepaid,0,45,8.2,Yes,Yes
CUST1342,Urban,SLT,13.1,102.1,4564.0,Prepaid,1,103,9.5,Yes,Yes
CUST1343,Rural,SLT,15.4,181.4,6005.0,Prepaid,3,45,1.9,No,Yes
CUST1344,Rural,Dialog,11.5,59.5,3048.0,Postpaid,0,26,6.1,No,No
CUST1345,Rural,SLT,9.2,141.9,5395.0,Postpaid,1,70,0.0,No,No
CUST1346,Urban,Airtel,29.1,51.5,3237.0,Postpaid,1,67,7.6,No,No
CUST1347,Urban,Dialog,22.9,173.3,2128.0,Prepaid,2,6,8.3,No,No
CUST1348,Urban,Dialog,28.8,107.1,3194.0,Postpaid,0,28,0.0,No,No
CUST1349,Rural,Dialog,31.9,183.4,4548.0,Postpaid,3,67,4.0,Yes,Yes
CUST1350,Urban,Dialog,27.7,144.6,2662.0,Prepaid,0,13,2.3,No,No
CUST1351,Rural,Dialog,31.6,58.8,2900.0,Postpaid,0,63,4.0,No,No
CUST1352,Urban,SLT,24.3,191.2,4094.0,Postpaid,0,13,3.4,Yes,No
CUST1353,Urban,Mobitel,13.1,197.6,3503.0,Postpaid,2,77,4.9,Yes,No
CUST1354,Rural,SLT,35.6,164.1,4085.0,Prepaid,0,1,8.0,No,Yes
CUST1355,Urban,Dialog,19.1,81.9,3738.0,Prepaid,0,40,4.1,No,No
CUST1356,Rural,Dialog,15.6,104.7,3980.0,Prepaid,2,37,2.0,Yes,No
CUST1357,Rural,SLT,23.2,127.3,3068.0,Prepaid,1,31,4.4,No,No
CUST1358,Urban,Dialog,15.9,84.8,3732.0,Postpaid,1,116,4.2,No,No
CUST1359,Urban,Airtel,20.8,204.6,2573.0,Prepaid,2,17,4.7,No,No
CUST1360,Urban,SLT,28.4,127.2,4788.0,Postpaid,0,9,3.1,Yes,No
CUST1361,Rural,Airtel,28.5,1.0,2866.0,Prepaid,1,109,6.1,Yes,No
CUST1362,Urban,Dialog,16.0,137.0,4629.0,Prepaid,2,64,8.9,No,No
CUST1363,Rural,SLT,20.1,102.6,3266.0,Postpaid,0,57,1.2,No,No
CUST1364,Rural,Dialog,35.7,116.3,3702.0,Prepaid,0,13,6.4,No,No
CUST1365,Rural,Mobitel,30.0,101.6,3005.0,Postpaid,1,37,7.9,Yes,No
CUST1366,Urban,SLT,45.8,160.4,2484.0,Prepaid,1,14,3.7,No,No
CUST1367,Rural,Dialog,36.8,176.0,1755.0,Prepaid,4,75,8.8,Yes,Yes
CUST1368,Rural,Dialog,36.4,134.2,2445.0,Postpaid,1,25,4.8,No,Yes
CUST1369,Urban,Dialog,11.1,103.0,3176.0,Postpaid,0,95,1.6,No,No
CUST1370,Urban,SLT,32.6,117.9,3712.0,Prepaid,0,78,1.2,No,No
CUST1371,Rural,Dialog,24.5,121.0,4510.0,Prepaid,2,57,7.4,Yes,No
CUST1372,Urban,SLT,19.5,79.9,3054.0,Postpaid,3,71,7.1,Yes,No
CUST1373,Rural,Dialog,26.7,148.9,2618.0,Postpaid,1,88,9.7,No,No
CUST1374,Urban,SLT,34.5,143.0,2057.0,Postpaid,0,113,7.0,No,No
CUST1375,Urban,Airtel,30.0,197.0,3980.0,Prepaid,1,100,4.7,No,No
CUST1376,Rural,Airtel,16.2,182.8,4883.0,Postpaid,0,42,6.4,No,No
CUST1377,Urban,Airtel,32.4,85.7,4766.0,Prepaid,3,42,5.2,No,Yes
CUST1378,Urban,Dialog,18.6,161.0,4210.0,Prepaid,1,47,4.0,No,No
CUST1379,Urban,Dialog,27.2,72.5,4139.0,Postpaid,0,116,3.4,No,No
CUST1380,Urban,SLT,22.0,154.8,5198.0,Prepaid,1,44,0.0,Yes,No
CUST1381,Urban,Dialog,22.8,94.2,3832.0,Prepaid,0,41,2.8,No,No
CUST1382,Urban,SLT,32.7,68.8,4146.0,Prepaid,1,3,4.9,Yes,No
CUST1383,Rural,Dialog,14.6,134.0,3179.0,Prepaid,3,111,0.0,No,Yes
CUST1384,Urban,Dialog,44.5,1.0,2138.0,Postpaid,1,108,3.5,Yes,No
CUST1385,Rural,Dialog,6.8,32.5,2816.0,Postpaid,1,90,7.8,No,No
CUST1386,Urban,Airtel,19.0,111.1,3491.0,Prepaid,0,111,9.0,No,No
CUST1387,Rural,Dialog,28.7,124.1,3561.0,Postpaid,1,90,3.4,No,No
CUST1388,Urban,SLT,30.8,101.5,5426.0,Postpaid,0,1,3.3,No,No
CUST1389,Rural,Dialog,24.0,41.0,3581.0,Postpaid,1,79,2.8,Yes,No
CUST1390,Urban,SLT,24.4,79.1,4679.0,Prepaid,0,11,3.3,No,No
CUST1391,Urban,Dialog,29.1,139.6,3065.0,Postpaid,1,101,8.4,Yes,No
CUST1392,Urban,Airtel,22.7,149.1,3188.0,Postpaid,2,7,9.9,Yes,No
CUST1393,Urban,Airtel,38.9,119.2,2171.0,Prepaid,1,12,0.0,Yes,No
CUST1394,Urban,Dialog,33.4,177.8,2758.0,Prepaid,0,116,2.6,Yes,No
CUST1395,Urban,Mobitel,33.7,139.9,4027.0,Prepaid,0,38,0.0,No,No
CUST1396,Rural,Mobitel,15.3,82.6,3508.0,Postpaid,1,54,4.9,No,No
CUST1397,Urban,Airtel,24.2,106.0,4443.0,Prepaid,1,67,3.5,No,No
CUST1398,Urban,Airtel,22.0,49.9,3681.0,Postpaid,1,106,6.1,Yes,No
CUST1399,Rural,Dialog,14.9,114.6,3148.0,Prepaid,2,53,7.0,Yes,Yes
CUST1400,Rural,SLT,28.6,175.6,5648.0,Postpaid,0,90,6.7,Yes,Yes
CUST1401,Urban,Dialog,19.6,154.3,3406.0,Prepaid,1,118,0.1,Yes,No
CUST1402,Urban,Dialog,31.6,190.1,4663.0,Postpaid,0,94,4.9,Yes,No
CUST1403,Urban,Mobitel,14.3,104.9,3099.0,Postpaid,0,32,0.0,Yes,Yes
CUST1404,Rural,Dialog,42.2,187.3,4210.0,Prepaid,0,100,10.2,No,No
CUST1405,Rural,Airtel,16.0,110.3,4428.0,Prepaid,1,45,3.9,No,No
CUST1406,Urban,Airtel,27.2,193.6,3708.0,Prepaid,1,51,0.9,No,No
CUST1407,Rural,Airtel,32.9,118.9,1146.0,Postpaid,2,37,3.4,Yes,No
CUST1408,Rural,Mobitel,19.3,155.4,3518.0,Postpaid,3,119,5.6,No,No
CUST1409,Urban,Dialog,33.5,193.8,4730.0,Prepaid,2,59,7.2,No,Yes
CUST1410,Rural,Dialog,12.7,110.3,4027.0,Prepaid,0,54,8.9,Yes,No
CUST1411,Urban,SLT,39.5,130.9,3946.0,Prepaid,0,18,5.2,Yes,No
CUST1412,Urban,Dialog,25.1,184.4,1778.0,Postpaid,2,1,4.0,Yes,No
CUST1413,Urban,Dialog,19.0,113.3,2780.0,Postpaid,2,117,7.1,Yes,Yes
CUST1414,Urban,Dialog,22.0,54.0,3911.0,Postpaid,1,21,7.0,No,No
CUST1415,Urban,Airtel,33.1,227.2,3910.0,Prepaid,3,28,5.4,Yes,Yes
CUST1416,Rural,SLT,19.2,96.5,4715.0,Prepaid,1,112,7.4,No,No
CUST1417,Urban,Dialog,17.5,127.9,3355.0,Postpaid,0,16,3.2,Yes,Yes
CUST1418,Urban,SLT,22.8,177.8,3906.0,Prepaid,2,48,4.9,No,No
CUST1419,Urban,Dialog,13.2,89.6,3516.0,Postpaid,0,28,0.0,Yes,Yes
CUST1420,Rural,Dialog,43.2,69.6,2513.0,Prepaid,1,22,9.2,No,No
CUST1421,Urban,Airtel,19.3,132.7,1244.0,Prepaid,1,83,3.5,Yes,No
CUST1422,Urban,SLT,33.3,30.3,3931.0,Postpaid,2,112,9.2,Yes,No
CUST1423,Urban,Airtel,27.1,105.6,3674.0,Postpaid,0,1,3.0,No,No
CUST1424,Urban,Dialog,15.2,132.3,2882.0,Postpaid,2,95,5.9,No,No
CUST1425,Rural,Airtel,24.9,106.5,1881.0,Prepaid,1,116,5.2,Yes,Yes
CUST1426,Rural,SLT,32.8,42.8,4130.0,Prepaid,1,116,3.2,No,Yes
CUST1427,Urban,SLT,23.1,199.7,3234.0,Postpaid,0,42,6.4,No,No
CUST1428,Rural,SLT,36.9,125.2,4057.0,Postpaid,1,98,8.8,No,No
CUST1429,Rural,Airtel,35.2,191.6,5364.0,Postpaid,4,110,10.4,No,No
CUST1430,Rural,SLT,34.2,107.0,1359.0,Prepaid,1,104,7.2,No,Yes
CUST1431,Urban,SLT,20.4,76.0,2800.0,Postpaid,0,70,1.4,Yes,No
CUST1432,Urban,Mobitel,14.2,133.5,3291.0,Postpaid,1,92,0.8,Yes,No
CUST1433,Urban,Airtel,18.9,109.2,4955.0,Postpaid,3,3,8.4,Yes,No
CUST1434,Rural,SLT,27.0,61.1,1864.0,Postpaid,1,95,2.0,No,No
CUST1435,Urban,Airtel,30.5,193.5,5436.0,Prepaid,1,80,6.8,No,No
CUST1436,Urban,Dialog,3.3,88.9,3636.0,Postpaid,1,81,5.4,No,No
CUST1437,Urban,Dialog,24.9,28.0,3404.0,Postpaid,0,44,9.0,No,Yes
CUST1438,Rural,SLT,26.6,186.4,3302.0,Postpaid,1,27,6.5,No,No
CUST1439,Urban,Mobitel,22.2,94.8,3064.0,Postpaid,1,51,4.9,No,No
CUST1440,Rural,Mobitel,37.9,89.6,4548.0,Postpaid,0,24,11.2,No,Yes
CUST1441,Rural,Dialog,29.2,31.7,2431.0,Postpaid,1,20,7.5,No,Yes
CUST1442,Urban,SLT,38.1,207.0,3845.0,Prepaid,1,32,6.7,Yes,Yes
CUST1443,Rural,Dialog,22.8,55.5,3116.0,Prepaid,0,99,3.0,No,No
CUST1444,Urban,Mobitel,34.4,122.9,2738.0,Prepaid,0,13,1.6,No,No
CUST1445,Rural,Mobitel,41.4,165.6,6086.0,Prepaid,0,112,4.2,No,No
CUST1446,Urban,SLT,38.1,141.1,3919.0,Prepaid,1,43,0.5,No,No
CUST1447,Rural,Airtel,14.1,117.0,4113.0,Prepaid,1,20,4.0,No,No
CUST1448,Rural,Airtel,22.5,34.9,4638.0,Prepaid,0,112,7.4,No,No
CUST1449,Rural,SLT,21.5,79.5,2079.0,Prepaid,1,116,7.9,No,No
CUST1450,Rural,Dialog,29.9,129.4,5252.0,Prepaid,2,2,4.0,Yes,Yes
CUST1451,Urban,SLT,31.9,80.6,991.0,Prepaid,1,68,13.8,Yes,No
CUST1452,Rural,SLT,16.6,130.2,2731.0,Postpaid,0,91,8.8,No,No
CUST1453,Rural,SLT,25.7,154.1,3041.0,Postpaid,0,60,4.9,No,No
CUST1454,Urban,Dialog,4.8,168.1,4082.0,Prepaid,1,89,8.4,No,Yes
CUST1455,Urban,Mobitel,39.4,58.7,3719.0,Postpaid,0,4,3.3,No,Yes
CUST1456,Rural,Dialog,19.9,229.8,3333.0,Postpaid,1,96,5.8,No,No
CUST1457,Rural,SLT,25.6,158.4,3488.0,Prepaid,0,17,3.9,Yes,Yes
CUST1458,Rural,SLT,21.9,119.9,2522.0,Postpaid,0,1,1.4,No,Yes
CUST1459,Urban,SLT,36.5,174.5,2003.0,Postpaid,1,33,6.6,No,No
CUST1460,Rural,SLT,1.0,238.3,4227.0,Postpaid,2,30,5.0,No,No
CUST1461,Urban,Dialog,24.8,48.1,4194.0,Prepaid,0,5,5.2,No,No
CUST1462,Rural,Dialog,23.9,108.7,5084.0,Postpaid,1,118,4.9,No,No
CUST1463,Urban,SLT,20.5,1.1,2710.0,Prepaid,0,12,2.3,No,No
CUST1464,Rural,SLT,42.3,129.6,4193.0,Postpaid,0,102,9.8,Yes,No
CUST1465,Rural,Dialog,16.1,138.3,3216.0,Postpaid,0,32,5.7,Yes,No
CUST1466,Urban,Airtel,32.7,118.0,4690.0,Postpaid,2,38,4.2,Yes,No
CUST1467,Rural,SLT,28.6,87.3,4522.0,Postpaid,2,17,1.1,Yes,Yes
CUST1468,Urban,SLT,37.6,17.5,3711.0,Prepaid,2,58,9.2,Yes,Yes
CUST1469,Rural,Airtel,18.3,138.7,3160.0,Postpaid,0,118,7.8,Yes,No
CUST1470,Rural,Dialog,17.7,192.8,4461.0,Postpaid,0,109,5.0,No,No
CUST1471,Urban,Dialog,36.0,90.4,4147.0,Prepaid,2,40,1.1,No,No
CUST1472,Rural,Airtel,29.3,142.0,2816.0,Postpaid,1,96,10.0,No,No
CUST1473,Rural,SLT,9.6,41.6,2172.0,Prepaid,1,24,3.9,No,Yes
CUST1474,Urban,SLT,19.6,142.9,3211.0,Prepaid,0,12,3.0,No,No
CUST1475,Urban,Airtel,28.9,100.3,5015.0,Postpaid,3,111,4.9,No,Yes
CUST1476,Rural,Airtel,33.4,81.9,4646.0,Prepaid,0,95,6.1,No,No
CUST1477,Rural,Mobitel,18.2,82.0,2388.0,Postpaid,1,19,4.5,Yes,No
CUST1478,Rural,SLT,1.0,100.3,2332.0,Prepaid,1,29,0.0,No,No
CUST1479,Rural,SLT,30.2,139.1,4775.0,Prepaid,2,85,5.7,No,No
CUST1480,Urban,SLT,12.8,54.4,2364.0,Postpaid,1,90,7.8,No,No
CUST1481,Rural,Dialog,4.8,100.1,4009.0,Prepaid,1,52,2.3,Yes,No
CUST1482,Urban,SLT,1.0,117.9,2884.0,Postpaid,2,92,9.7,No,No
CUST1483,Urban,Dialog,33.1,65.0,5117.0,Postpaid,1,17,7.6,Yes,No
CUST1484,Urban,Mobitel,26.3,209.8,2730.0,Postpaid,0,73,6.4,Yes,No
CUST1485,Urban,SLT,22.7,77.3,4643.0,Postpaid,1,21,2.0,No,No
CUST1486,Urban,SLT,38.9,86.5,3685.0,Postpaid,2,114,5.8,No,No
CUST1487,Urban,Dialog,31.4,71.1,3752.0,Prepaid,1,60,6.1,No,No
CUST1488,Rural,Dialog,41.2,209.9,1530.0,Postpaid,2,98,4.8,No,No
CUST1489,Urban,Dialog,11.1,147.6,1297.0,Prepaid,2,75,7.7,No,No
CUST1490,Urban,SLT,24.7,73.2,3279.0,Postpaid,3,119,3.9,No,No
CUST1491,Urban,Dialog,8.8,175.3,3747.0,Postpaid,1,20,4.2,Yes,Yes
CUST1492,Urban,SLT,22.7,130.0,2375.0,Postpaid,0,113,3.0,Yes,No
CUST1493,Urban,Airtel,22.5,132.9,2411.0,Postpaid,0,53,3.6,No,No
CUST1494,Urban,Airtel,31.3,102.8,4061.0,Postpaid,2,114,4.6,No,Yes
CUST1495,Rural,SLT,25.5,82.5,4063.0,Postpaid,3,111,4.4,Yes,No
CUST1496,Rural,Dialog,31.2,136.9,3362.0,Postpaid,1,103,4.3,Yes,No
CUST1497,Rural,Airtel,32.0,92.7,4280.0,Prepaid,1,80,7.8,No,No
CUST1498,Urban,Airtel,46.5,210.8,2326.0,Prepaid,1,63,9.5,No,No
CUST1499,Urban,Dialog,21.8,56.5,3144.0,Prepaid,1,57,1.2,No,No
CUST1500,Rural,Airtel,15.6,196.8,5148.0,Postpaid,0,29,9.4,No,No
CUST1501,Urban,Dialog,27.5,114.4,3568.0,Prepaid,0,1,7.0,Yes,Yes
CUST1502,Urban,Airtel,17.0,135.0,3626.0,Prepaid,0,82,2.3,No,No
CUST1503,Urban,Mobitel,39.8,161.7,5806.0,Prepaid,1,59,4.0,No,No
CUST1504,Urban,Dialog,22.2,88.5,2101.0,Postpaid,1,64,5.9,Yes,No
CUST1505,Urban,Airtel,19.3,163.2,4296.0,Postpaid,1,86,0.0,No,No
CUST1506,Urban,SLT,20.3,1.0,5164.0,Prepaid,0,72,4.7,No,No
CUST1507,Urban,Mobitel,32.2,84.0,3175.0,Prepaid,2,71,6.6,No,No
CUST1508,Urban,SLT,23.4,73.8,4360.0,Prepaid,1,89,2.8,Yes,No
CUST1509,Rural,Airtel,18.6,57.3,2518.0,Prepaid,2,94,0.6,No,No
CUST1510,Rural,Dialog,41.7,109.3,2813.0,Prepaid,1,98,5.6,No,No
CUST1511,Rural,Dialog,16.4,139.3,3885.0,Postpaid,1,44,11.6,No,Yes
CUST1512,Rural,Dialog,25.4,155.1,4299.0,Postpaid,1,48,2.9,Yes,No
CUST1513,Rural,Mobitel,31.5,132.0,4621.0,Prepaid,1,105,2.9,No,No
CUST1514,Urban,Airtel,8.7,86.7,5070.0,Prepaid,0,116,4.4,No,Yes
CUST1515,Urban,Airtel,29.8,138.5,3433.0,Prepaid,1,75,9.7,Yes,No
CUST1516,Urban,Mobitel,14.4,126.2,4694.0,Prepaid,0,15,0.0,Yes,No
CUST1517,Rural,Dialog,33.2,166.8,3158.0,Prepaid,0,35,7.3,No,No
CUST1518,Rural,Dialog,15.4,158.8,4402.0,Prepaid,0,23,3.6,Yes,No
CUST1519,Urban,Dialog,31.9,121.5,3707.0,Prepaid,3,53,3.8,No,Yes
CUST1520,Rural,Dialog,36.1,75.1,3946.0,Postpaid,2,45,2.0,Yes,No
CUST1521,Urban,Dialog,33.6,87.4,3924.0,Postpaid,1,85,4.3,Yes,No
CUST1522,Rural,SLT,27.5,92.5,1895.0,Postpaid,1,92,2.1,No,No
CUST1523,Urban,Dialog,22.7,104.2,2376.0,Prepaid,0,13,3.4,Yes,No
CUST1524,Urban,Dialog,19.2,133.4,3603.0,Postpaid,1,34,0.0,No,No
CUST1525,Urban,Dialog,39.7,155.8,1813.0,Postpaid,0,38,0.0,No,No
CUST1526,Urban,Dialog,18.0,117.4,4331.0,Prepaid,1,70,6.0,No,No
CUST1527,Urban,Mobitel,14.6,120.8,4372.0,Prepaid,1,108,8.8,No,No
CUST1528,Urban,Airtel,31.7,127.2,3827.0,Postpaid,0,68,14.7,No,Yes
CUST1529,Rural,Mobitel,17.0,94.2,2379.0,Prepaid,2,5,7.8,Yes,Yes
CUST1530,Urban,SLT,15.5,73.7,4880.0,Prepaid,2,119,3.5,No,No
CUST1531,Urban,Dialog,10.6,32.2,5537.0,Postpaid,2,40,0.0,Yes,Yes
CUST1532,Rural,Airtel,20.2,85.2,3647.0,Postpaid,0,70,6.6,No,Yes
CUST1533,Rural,Dialog,24.2,143.7,4011.0,Prepaid,0,21,0.6,No,No
CUST1534,Urban,Dialog,27.4,84.9,3702.0,Postpaid,0,28,2.6,No,No
CUST1535,Urban,Dialog,34.5,108.1,4030.0,Postpaid,0,3,7.7,Yes,No
CUST1536,Urban,Dialog,30.3,143.3,3380.0,Prepaid,2,23,5.9,Yes,No
CUST1537,Urban,Dialog,23.1,146.0,3465.0,Postpaid,1,72,2.2,No,No
CUST1538,Rural,Dialog,23.0,66.0,4406.0,Prepaid,0,19,0.0,Yes,Yes
CUST1539,Urban,SLT,30.1,169.9,5846.0,Prepaid,0,117,5.6,No,No
CUST1540,Urban,Dialog,37.7,176.4,2100.0,Postpaid,0,75,6.0,No,No
CUST1541,Rural,Dialog,26.3,63.5,3396.0,Prepaid,1,50,9.5,Yes,Yes
CUST1542,Urban,Airtel,20.3,78.8,2320.0,Prepaid,2,74,0.0,Yes,No
CUST1543,Urban,Dialog,15.1,179.6,5092.0,Prepaid,0,58,5.4,No,No
CUST1544,Urban,Dialog,10.5,112.7,2912.0,Postpaid,3,92,7.8,No,Yes
CUST1545,Rural,Airtel,31.7,9.0,2057.0,Postpaid,1,20,3.7,Yes,No
CUST1546,Urban,Dialog,30.8,50.0,4138.0,Prepaid,3,108,0.2,Yes,No
CUST1547,Rural,Dialog,30.8,107.5,5244.0,Postpaid,1,116,2.2,Yes,No
CUST1548,Urban,SLT,23.7,61.8,4164.0,Prepaid,0,92,5.1,Yes,No
CUST1549,Urban,Dialog,39.1,99.3,3705.0,Postpaid,1,93,3.5,No,No
CUST1550,Rural,SLT,20.2,121.6,3909.0,Prepaid,1,72,5.9,No,No
CUST1551,Rural,Airtel,34.6,193.1,4915.0,Postpaid,1,83,8.8,No,No
CUST1552,Rural,Dialog,24.6,105.5,2626.0,Postpaid,0,53,3.8,No,Yes
CUST1553,Rural,SLT,18.9,173.6,3388.0,Postpaid,0,112,8.7,Yes,No
CUST1554,Rural,SLT,30.9,191.4,3047.0,Prepaid,1,85,4.7,No,No
CUST1555,Urban,Dialog,29.1,191.7,2332.0,Postpaid,1,82,6.0,No,No
CUST1556,Urban,SLT,28.6,134.2,3172.0,Prepaid,0,9,4.6,No,Yes
CUST1557,Rural,Dialog,25.8,21.8,4608.0,Postpaid,1,4,6.1,No,Yes
CUST1558,Urban,SLT,24.6,143.0,4067.0,Prepaid,2,41,6.6,No,Yes
CUST1559,Rural,Dialog,48.9,172.4,4144.0,Prepaid,1,25,6.9,No,No
CUST1560,Rural,SLT,36.8,115.9,3646.0,Prepaid,0,34,5.0,Yes,No
CUST1561,Urban,Dialog,32.2,207.2,4023.0,Prepaid,1,73,0.0,No,No
CUST1562,Urban,Airtel,26.1,163.0,2699.0,Postpaid,0,9,6.8,No,No
CUST1563,Rural,Dialog,35.1,148.4,3190.0,Postpaid,2,82,0.0,No,Yes
CUST1564,Urban,SLT,30.2,174.3,3692.0,Postpaid,3,75,3.2,No,No
CUST1565,Rural,SLT,25.3,136.7,3778.0,Postpaid,1,13,0.0,No,Yes
CUST1566,Urban,Airtel,22.0,1.0,3820.0,Postpaid,4,102,10.1,No,Yes
CUST1567,Rural,SLT,24.2,95.0,3362.0,Prepaid,0,9,6.3,No,Yes
CUST1568,Urban,SLT,1.0,179.9,3123.0,Prepaid,0,80,4.0,No,No
CUST1569,Rural,Airtel,27.1,79.6,6658.0,Prepaid,1,4,9.3,No,Yes
CUST1570,Urban,Airtel,20.1,108.8,4407.0,Prepaid,1,34,6.6,No,No
CUST1571,Urban,Dialog,40.9,67.8,3913.0,Prepaid,3,7,5.4,Yes,Yes
CUST1572,Urban,SLT,25.2,209.2,3267.0,Prepaid,0,15,6.2,No,No
CUST1573,Rural,Airtel,13.1,204.1,3049.0,Prepaid,2,38,3.9,No,No
CUST1574,Rural,Mobitel,24.5,75.8,3369.0,Prepaid,0,75,1.3,No,No
CUST1575,Urban,Airtel,14.5,127.4,3793.0,Postpaid,0,96,7.9,Yes,No
CUST1576,Urban,Dialog,29.7,86.0,1620.0,Prepaid,3,91,4.8,No,Yes
CUST1577,Urban,Dialog,27.9,150.7,1931.0,Postpaid,2,94,0.0,Yes,No
CUST1578,Rural,SLT,34.6,145.5,2863.0,Postpaid,3,52,6.5,No,Yes
CUST1579,Rural,Airtel,17.1,160.6,3707.0,Postpaid,0,81,5.1,Yes,No
CUST1580,Urban,SLT,25.3,136.6,3261.0,Prepaid,2,100,10.1,No,No
CUST1581,Urban,SLT,11.3,266.8,4978.0,Prepaid,1,83,5.8,Yes,No
CUST1582,Urban,Airtel,32.0,68.6,2018.0,Prepaid,2,7,1.5,Yes,Yes
CUST1583,Urban,Dialog,30.2,34.5,2749.0,Prepaid,1,107,0.0,No,Yes
CUST1584,Urban,Airtel,30.0,100.3,5020.0,Prepaid,1,45,8.8,Yes,No
CUST1585,Rural,SLT,25.0,41.6,3631.0,Postpaid,2,59,4.8,No,No
CUST1586,Urban,Dialog,29.1,45.4,4385.0,Postpaid,0,21,2.4,No,Yes
CUST1587,Rural,SLT,41.0,69.9,5551.0,Postpaid,1,28,2.8,No,Yes
CUST1588,Urban,Airtel,22.1,73.9,2806.0,Prepaid,2,3,8.9,Yes,No
CUST1589,Urban,Dialog,26.4,72.3,3401.0,Prepaid,1,14,6.4,No,No
CUST1590,Rural,Dialog,14.1,145.9,3228.0,Postpaid,2,2,8.3,Yes,No
CUST1591,Rural,Mobitel,16.3,94.7,1545.0,Prepaid,3,29,5.7,No,Yes
CUST1592,Rural,Dialog,26.0,111.0,3190.0,Postpaid,1,18,2.5,No,No
CUST1593,Urban,SLT,36.0,164.7,4381.0,Postpaid,2,37,10.4,Yes,Yes
CUST1594,Urban,SLT,22.4,81.7,4041.0,Prepaid,1,45,3.8,No,No
CUST1595,Rural,SLT,22.6,106.8,4119.0,Prepaid,0,45,7.4,Yes,Yes
CUST1596,Urban,SLT,20.9,138.3,3124.0,Prepaid,1,24,8.3,No,Yes
CUST1597,Urban,Dialog,19.7,22.9,2844.0,Prepaid,1,46,5.0,No,Yes
CUST1598,Urban,SLT,27.9,1.0,4769.0,Prepaid,3,12,1.7,No,No
CUST1599,Urban,Dialog,10.0,137.3,3003.0,Prepaid,0,53,3.0,No,No
CUST1600,Rural,SLT,37.8,144.6,3794.0,Prepaid,2,45,7.0,No,No
CUST1601,Urban,Dialog,18.3,223.2,3663.0,Postpaid,0,32,6.6,No,No
CUST1602,Urban,SLT,32.2,127.9,4962.0,Postpaid,0,18,8.9,No,No
CUST1603,Urban,Dialog,12.3,161.0,4471.0,Prepaid,0,13,8.4,No,No
CUST1604,Urban,Dialog,31.7,110.2,2205.0,Postpaid,0,4,2.1,No,No
CUST1605,Urban,Dialog,31.7,134.9,2312.0,Postpaid,2,23,9.3,No,No
CUST1606,Urban,Dialog,28.8,203.4,4079.0,Postpaid,4,62,1.9,Yes,Yes
CUST1607,Urban,Airtel,15.1,13.8,3436.0,Postpaid,2,54,6.8,Yes,No
CUST1608,Rural,Dialog,27.5,140.7,3045.0,Prepaid,3,74,12.3,Yes,Yes
CUST1609,Urban,Mobitel,13.2,226.8,4516.0,Prepaid,1,55,5.9,No,No
CUST1610,Urban,Mobitel,22.5,134.1,3687.0,Postpaid,0,69,0.0,Yes,No
CUST1611,Rural,SLT,35.3,202.5,3552.0,Postpaid,0,114,4.0,No,No
CUST1612,Rural,Dialog,33.0,88.5,4280.0,Postpaid,2,40,11.5,No,No
CUST1613,Urban,Dialog,25.2,118.4,3125.0,Postpaid,1,14,4.4,No,No
CUST1614,Urban,Airtel,15.3,121.7,5069.0,Postpaid,0,98,9.0,No,No
CUST1615,Urban,Dialog,31.5,9.1,2712.0,Prepaid,1,28,2.1,Yes,No
CUST1616,Rural,Dialog,25.2,61.6,4157.0,Prepaid,1,72,3.9,No,No
CUST1617,Rural,SLT,1.8,65.2,4934.0,Prepaid,0,80,4.4,No,Yes
CUST1618,Rural,Airtel,32.8,161.1,2123.0,Postpaid,1,95,10.9,No,Yes
CUST1619,Urban,Airtel,24.8,163.6,3157.0,Postpaid,0,71,4.1,No,No
CUST1620,Rural,Dialog,37.0,136.2,4642.0,Postpaid,2,67,0.0,Yes,No
CUST1621,Urban,SLT,14.0,161.2,4657.0,Postpaid,0,29,12.1,No,No
CUST1622,Urban,Dialog,1.0,111.8,3329.0,Postpaid,2,100,5.7,Yes,Yes
CUST1623,Urban,Dialog,27.8,180.1,2765.0,Postpaid,5,61,7.0,No,Yes
CUST1624,Rural,Airtel,27.9,120.4,4456.0,Postpaid,2,103,0.2,Yes,Yes
CUST1625,Urban,Dialog,8.1,122.9,4684.0,Prepaid,0,68,5.8,No,Yes
CUST1626,Rural,Dialog,15.2,106.7,2335.0,Postpaid,1,9,5.1,Yes,No
CUST1627,Urban,Dialog,52.6,154.2,2296.0,Postpaid,0,119,2.1,No,No
CUST1628,Urban,Airtel,21.9,98.9,3725.0,Prepaid,4,17,7.0,Yes,No
CUST1629,Urban,Airtel,32.3,168.8,4129.0,Prepaid,0,49,0.0,No,No
CUST1630,Urban,SLT,18.5,63.4,3201.0,Postpaid,1,63,2.1,No,Yes
CUST1631,Rural,Airtel,4.1,65.1,4179.0,Prepaid,1,84,8.6,Yes,No
CUST1632,Urban,Dialog,23.3,154.4,2790.0,Prepaid,0,78,2.8,Yes,Yes
CUST1633,Rural,SLT,22.3,115.6,1385.0,Prepaid,1,46,3.5,No,No
CUST1634,Rural,Dialog,21.0,97.3,3076.0,Postpaid,2,93,5.3,Yes,Yes
CUST1635,Rural,Dialog,23.9,164.5,3563.0,Postpaid,0,13,3.9,No,No
CUST1636,Urban,SLT,27.6,89.6,3224.0,Prepaid,3,100,7.1,No,Yes
CUST1637,Urban,Mobitel,23.5,110.0,2341.0,Prepaid,2,45,5.5,Yes,No
CUST1638,Urban,Dialog,12.4,190.0,1684.0,Postpaid,0,53,0.5,Yes,No
CUST1639,Rural,Dialog,29.9,197.0,2986.0,Postpaid,1,17,2.8,No,No
CUST1640,Rural,Dialog,5.5,198.6,4398.0,Postpaid,0,47,2.5,Yes,No
CUST1641,Urban,Dialog,4.5,105.9,4756.0,Prepaid,2,62,3.6,Yes,No
CUST1642,Rural,Mobitel,32.4,181.5,4688.0,Prepaid,1,50,5.3,Yes,No
CUST1643,Urban,SLT,30.1,72.6,2684.0,Prepaid,2,43,5.9,Yes,No
CUST1644,Rural,SLT,24.4,74.7,2346.0,Postpaid,0,68,0.0,Yes,Yes
CUST1645,Urban,Airtel,11.0,2.5,3997.0,Prepaid,0,84,8.1,No,No
CUST1646,Rural,Dialog,17.9,203.6,4135.0,Prepaid,1,75,4.7,No,No
CUST1647,Urban,SLT,22.4,76.8,3900.0,Prepaid,0,106,1.6,No,No
CUST1648,Rural,SLT,9.0,113.7,1486.0,Prepaid,3,86,7.9,Yes,Yes
CUST1649,Rural,SLT,17.6,74.5,2633.0,Postpaid,0,109,0.0,Yes,No
CUST1650,Rural,Mobitel,31.5,154.8,3470.0,Prepaid,2,118,0.3,No,Yes
CUST1651,Urban,Airtel,39.3,101.2,3987.0,Postpaid,0,72,11.4,No,No
CUST1652,Urban,Dialog,20.8,54.8,4267.0,Postpaid,1,28,5.4,Yes,No
CUST1653,Urban,Airtel,32.6,142.1,3644.0,Prepaid,2,45,2.8,No,No
CUST1654,Urban,Dialog,5.9,48.3,3831.0,Postpaid,0,41,5.3,No,No
CUST1655,Urban,Dialog,31.6,78.1,3585.0,Postpaid,1,94,4.5,No,Yes
CUST1656,Rural,Dialog,17.0,14.7,4186.0,Postpaid,3,97,5.1,Yes,No
CUST1657,Urban,Dialog,28.1,48.8,3813.0,Prepaid,0,97,6.5,No,Yes
CUST1658,Urban,SLT,22.5,128.9,3566.0,Prepaid,1,111,4.4,No,No
CUST1659,Urban,SLT,38.2,21.8,3232.0,Prepaid,0,118,6.1,No,No
CUST1660,Urban,Mobitel,16.3,45.9,3581.0,Postpaid,3,36,4.5,No,Yes
CUST1661,Rural,SLT,31.3,119.9,3985.0,Postpaid,2,91,2.5,Yes,No
CUST1662,Urban,SLT,22.2,92.8,3767.0,Postpaid,1,84,1.7,No,No
CUST1663,Rural,Dialog,23.4,219.6,3881.0,Prepaid,0,33,9.0,No,No
CUST1664,Urban,Dialog,23.2,211.7,4843.0,Prepaid,0,25,6.9,No,No
CUST1665,Rural,SLT,16.5,76.6,3765.0,Postpaid,2,108,8.1,No,Yes
CUST1666,Rural,SLT,24.9,147.9,2851.0,Prepaid,0,107,5.0,No,No
CUST1667,Urban,Airtel,24.4,157.5,4384.0,Postpaid,0,19,5.7,Yes,No
CUST1668,Rural,Dialog,27.4,90.1,2134.0,Prepaid,0,47,4.5,Yes,Yes
CUST1669,Urban,Dialog,25.8,45.2,2419.0,Prepaid,1,85,8.5,No,No
CUST1670,Rural,SLT,33.0,119.4,3836.0,Prepaid,0,106,4.0,Yes,No
CUST1671,Urban,Dialog,34.2,111.4,4016.0,Prepaid,2,33,2.0,Yes,No
CUST1672,Rural,Dialog,14.5,98.2,2255.0,Prepaid,0,67,6.6,No,No
CUST1673,Rural,Airtel,33.7,142.1,3117.0,Prepaid,0,14,4.5,No,No
CUST1674,Rural,Dialog,13.1,82.5,2894.0,Prepaid,1,79,5.7,Yes,No
CUST1675,Rural,SLT,30.9,62.4,3013.0,Prepaid,0,33,7.1,No,Yes
CUST1676,Urban,Dialog,31.2,125.5,4444.0,Prepaid,2,42,3.3,Yes,No
CUST1677,Urban,Dialog,5.9,139.3,4207.0,Postpaid,0,86,4.3,Yes,Yes
CUST1678,Urban,Dialog,25.9,61.2,3481.0,Prepaid,1,65,4.1,Yes,Yes
CUST1679,Urban,Airtel,20.3,166.4,2954.0,Postpaid,3,95,8.9,Yes,Yes
CUST1680,Rural,Dialog,17.4,31.5,2150.0,Postpaid,0,47,5.0,No,No
CUST1681,Urban,Airtel,38.5,91.1,4920.0,Postpaid,0,35,5.5,No,No
CUST1682,Rural,Dialog,18.5,107.1,4092.0,Postpaid,4,117,1.5,No,No
CUST1683,Rural,Airtel,16.9,88.2,2793.0,Prepaid,3,84,7.2,Yes,No
CUST1684,Rural,Dialog,25.8,91.7,4220.0,Postpaid,0,32,6.3,No,Yes
CUST1685,Urban,SLT,31.9,213.6,3430.0,Postpaid,1,55,2.5,Yes,Yes
CUST1686,Rural,SLT,23.6,77.5,3213.0,Postpaid,0,54,10.8,Yes,No
CUST1687,Rural,Mobitel,36.7,242.1,3935.0,Prepaid,3,76,6.0,No,No
CUST1688,Urban,Dialog,30.3,141.9,2759.0,Prepaid,1,51,3.1,No,No
CUST1689,Rural,Dialog,3.2,124.6,3156.0,Prepaid,1,80,5.0,Yes,Yes
CUST1690,Rural,Dialog,19.7,143.8,3621.0,Postpaid,2,59,3.9,Yes,Yes
CUST1691,Urban,Airtel,19.4,246.5,3001.0,Postpaid,2,72,9.6,No,No
CUST1692,Urban,SLT,29.8,70.3,4169.0,Prepaid,0,14,7.8,No,No
CUST1693,Urban,Airtel,1.0,64.0,5369.0,Postpaid,0,18,6.4,No,Yes
CUST1694,Urban,Dialog,50.5,82.3,2746.0,Postpaid,0,55,10.2,No,No
CUST1695,Urban,Dialog,30.3,121.6,1835.0,Prepaid,2,94,1.9,No,No
CUST1696,Urban,Dialog,26.5,33.7,1498.0,Postpaid,1,97,7.3,Yes,No
CUST1697,Urban,Mobitel,36.8,121.1,3350.0,Postpaid,0,98,6.6,No,Yes
CUST1698,Urban,SLT,48.4,204.7,2837.0,Prepaid,1,56,4.3,Yes,Yes
CUST1699,Rural,Mobitel,33.7,127.6,3708.0,Postpaid,1,108,4.3,Yes,No
CUST1700,Urban,Dialog,34.5,105.4,3633.0,Prepaid,1,49,7.8,No,No
CUST1701,Rural,SLT,26.3,89.1,1897.0,Postpaid,3,98,7.5,No,No
CUST1702,Urban,SLT,23.6,164.9,1685.0,Postpaid,2,60,0.7,Yes,No
CUST1703,Urban,Dialog,20.2,78.7,3796.0,Postpaid,1,113,10.4,No,No
CUST1704,Urban,Airtel,16.7,212.3,3635.0,Prepaid,3,53,8.4,No,Yes
CUST1705,Urban,Mobitel,18.1,216.7,3074.0,Prepaid,0,71,4.2,Yes,No
CUST1706,Urban,Airtel,11.5,132.8,1843.0,Prepaid,0,6,2.6,Yes,No
CUST1707,Rural,Airtel,24.2,119.4,3971.0,Postpaid,1,70,8.3,Yes,Yes
CUST1708,Urban,Dialog,8.2,171.5,4772.0,Prepaid,0,86,6.5,Yes,Yes
CUST1709,Rural,Dialog,26.9,174.7,3778.0,Postpaid,2,8,7.1,No,No
CUST1710,Rural,Mobitel,24.6,79.7,2653.0,Prepaid,0,101,6.7,No,No
CUST1711,Urban,Dialog,26.5,93.7,3545.0,Prepaid,1,15,8.6,No,No
CUST1712,Urban,Airtel,19.8,53.9,2134.0,Prepaid,1,26,7.6,Yes,Yes
CUST1713,Rural,Airtel,55.8,140.5,4558.0,Postpaid,3,39,3.4,Yes,Yes
CUST1714,Urban,SLT,38.6,153.3,3582.0,Postpaid,1,3,3.2,Yes,No
CUST1715,Urban,Mobitel,12.6,52.5,1732.0,Prepaid,0,57,6.1,Yes,No
CUST1716,Rural,Dialog,27.3,97.2,3199.0,Prepaid,2,10,11.9,Yes,No
CUST1717,Urban,Dialog,18.9,52.6,3963.0,Postpaid,0,3,4.6,No,No
CUST1718,Rural,Dialog,14.9,75.1,3167.0,Prepaid,0,94,6.1,Yes,No
CUST1719,Rural,SLT,11.6,147.6,3224.0,Postpaid,2,46,7.7,No,No
CUST1720,Urban,Dialog,29.3,83.3,2276.0,Postpaid,1,22,3.7,No,No
CUST1721,Urban,Dialog,18.2,105.0,4067.0,Postpaid,1,67,7.4,No,No
CUST1722,Urban,Airtel,34.7,38.6,2852.0,Postpaid,1,65,5.0,Yes,No
CUST1723,Urban,Mobitel,34.9,129.3,1344.0,Postpaid,2,97,8.7,No,No
CUST1724,Urban,Dialog,38.7,117.8,3129.0,Postpaid,1,19,2.2,No,No
CUST1725,Rural,Dialog,16.5,83.6,4481.0,Postpaid,0,100,11.9,Yes,No
CUST1726,Urban,Mobitel,29.8,110.5,3113.0,Postpaid,0,62,4.1,No,No
CUST1727,Urban,Dialog,31.3,129.0,5238.0,Prepaid,1,98,6.6,No,Yes
CUST1728,Rural,Dialog,20.3,79.3,3929.0,Prepaid,2,57,5.0,No,Yes
CUST1729,Rural,Dialog,17.3,46.2,3839.0,Prepaid,0,95,1.8,Yes,Yes
CUST1730,Rural,SLT,41.1,210.3,3372.0,Postpaid,0,107,7.5,No,Yes
CUST1731,Urban,Dialog,27.3,88.3,3432.0,Postpaid,2,88,4.2,No,No
CUST1732,Rural,Mobitel,31.4,115.2,3237.0,Prepaid,2,76,6.6,No,No
CUST1733,Urban,SLT,16.8,170.5,3198.0,Prepaid,3,13,2.6,No,No
CUST1734,Urban,SLT,12.8,296.5,4031.0,Prepaid,1,16,4.2,No,No
CUST1735,Urban,Dialog,19.3,57.8,2564.0,Postpaid,0,16,4.1,Yes,No
CUST1736,Rural,SLT,23.8,142.5,2424.0,Postpaid,1,115,6.7,No,No
CUST1737,Urban,SLT,14.4,84.6,2377.0,Postpaid,0,119,5.9,No,No
CUST1738,Urban,Airtel,24.9,93.1,5546.0,Prepaid,1,52,4.5,Yes,No
CUST1739,Urban,Airtel,8.1,84.0,4030.0,Postpaid,2,117,3.9,Yes,Yes
CUST1740,Urban,SLT,13.8,63.7,3804.0,Prepaid,0,84,5.9,No,No
CUST1741,Rural,Mobitel,31.7,117.9,2442.0,Postpaid,3,41,5.6,No,Yes
CUST1742,Rural,Airtel,31.0,46.3,4123.0,Prepaid,0,48,5.4,Yes,No
CUST1743,Rural,Airtel,21.1,167.3,3383.0,Prepaid,2,91,10.9,Yes,Yes
CUST1744,Urban,Dialog,14.8,122.8,3714.0,Prepaid,2,39,6.7,No,Yes
CUST1745,Urban,Dialog,14.7,141.1,2523.0,Prepaid,3,13,10.8,No,Yes
CUST1746,Urban,Dialog,21.3,96.7,3660.0,Postpaid,0,4,4.8,Yes,No
CUST1747,Urban,SLT,31.4,101.6,3076.0,Prepaid,0,96,4.9,No,No
CUST1748,Urban,SLT,34.3,134.4,2734.0,Prepaid,3,109,3.5,Yes,No
CUST1749,Rural,SLT,20.0,61.8,4234.0,Postpaid,0,104,5.9,Yes,Yes
CUST1750,Urban,Airtel,13.5,102.1,1962.0,Postpaid,3,98,4.0,No,Yes
CUST1751,Urban,Airtel,27.7,77.0,4065.0,Prepaid,3,103,3.6,Yes,No
CUST1752,Urban,Mobitel,16.8,75.5,4184.0,Postpaid,2,43,0.0,No,No
CUST1753,Urban,Dialog,19.8,14.5,2620.0,Postpaid,0,81,9.4,Yes,No
CUST1754,Urban,SLT,38.3,187.0,2680.0,Prepaid,0,88,3.9,No,No
CUST1755,Rural,Dialog,33.3,85.7,3277.0,Prepaid,1,93,9.4,Yes,Yes
CUST1756,Rural,Dialog,26.6,178.2,3782.0,Prepaid,0,46,4.7,Yes,No
CUST1757,Rural,Dialog,12.3,173.4,3347.0,Postpaid,1,92,6.9,No,Yes
CUST1758,Urban,Dialog,27.1,55.7,3934.0,Prepaid,2,109,5.2,No,No
CUST1759,Urban,SLT,35.6,65.6,5263.0,Prepaid,0,47,6.2,No,No
CUST1760,Urban,Airtel,21.2,248.0,2992.0,Postpaid,0,86,2.0,No,No
CUST1761,Urban,Dialog,38.5,207.5,1785.0,Postpaid,1,92,8.5,No,No
CUST1762,Rural,Airtel,37.9,118.4,4326.0,Prepaid,1,53,3.9,No,No
CUST1763,Urban,SLT,41.6,132.9,5183.0,Postpaid,1,25,7.8,No,No
CUST1764,Urban,Dialog,28.1,88.5,3893.0,Prepaid,4,41,0.6,No,No
CUST1765,Urban,SLT,30.9,141.6,2412.0,Prepaid,3,3,2.7,No,No
CUST1766,Urban,Dialog,39.1,84.1,3376.0,Postpaid,2,77,6.1,No,No
CUST1767,Rural,SLT,29.5,18.4,2381.0,Postpaid,1,95,4.5,Yes,No
CUST1768,Urban,SLT,20.0,53.9,4143.0,Prepaid,1,13,6.4,No,No
CUST1769,Urban,Dialog,20.5,121.1,2149.0,Postpaid,1,105,5.6,Yes,No
CUST1770,Urban,Dialog,27.4,63.4,3200.0,Postpaid,3,18,10.5,Yes,No
CUST1771,Urban,SLT,12.1,116.6,2496.0,Prepaid,2,37,6.6,No,No
CUST1772,Rural,Mobitel,23.6,66.3,3627.0,Postpaid,0,43,3.7,No,No
CUST1773,Rural,Dialog,36.0,80.9,3134.0,Prepaid,1,34,3.8,No,No
CUST1774,Rural,Airtel,3.1,162.7,3677.0,Postpaid,4,81,8.6,No,Yes
CUST1775,Rural,SLT,40.3,132.4,3522.0,Postpaid,2,55,0.4,Yes,No
CUST1776,Urban,Mobitel,36.2,119.5,2513.0,Prepaid,1,52,6.7,No,No
CUST1777,Rural,Airtel,20.4,163.9,4127.0,Prepaid,0,85,1.7,No,Yes
CUST1778,Urban,SLT,30.4,144.0,3451.0,Prepaid,0,36,8.3,Yes,No
CUST1779,Urban,SLT,25.0,192.3,2511.0,Prepaid,0,54,3.7,Yes,No
CUST1780,Rural,Airtel,37.3,97.0,5741.0,Prepaid,1,59,6.6,No,No
CUST1781,Urban,Dialog,34.8,98.5,3976.0,Prepaid,0,114,5.1,No,No
CUST1782,Rural,Dialog,11.0,54.9,3347.0,Postpaid,4,52,0.8,No,No
CUST1783,Urban,Dialog,30.9,98.6,4915.0,Prepaid,0,104,6.9,No,No
CUST1784,Rural,Airtel,22.9,168.2,5342.0,Postpaid,0,19,2.8,No,Yes
CUST1785,Rural,Airtel,25.8,185.0,3355.0,Postpaid,0,12,7.4,Yes,No
CUST1786,Rural,Dialog,17.7,168.0,3847.0,Prepaid,2,92,2.0,No,No
CUST1787,Rural,SLT,42.5,30.3,2512.0,Postpaid,0,11,5.7,Yes,Yes
CUST1788,Rural,SLT,35.4,174.2,3353.0,Prepaid,0,48,5.1,Yes,No
CUST1789,Urban,Dialog,17.6,28.1,3301.0,Prepaid,1,101,3.2,No,No
CUST1790,Urban,Mobitel,11.7,164.9,3685.0,Postpaid,1,92,9.1,No,Yes
CUST1791,Urban,Dialog,21.1,101.6,3833.0,Prepaid,1,99,5.1,No,No
CUST1792,Rural,Dialog,29.3,155.1,4060.0,Postpaid,1,108,3.7,No,No
CUST1793,Urban,SLT,27.4,53.4,3738.0,Postpaid,2,79,5.9,Yes,Yes
CUST1794,Rural,Airtel,37.5,178.6,2289.0,Postpaid,1,16,0.6,Yes,No
CUST1795,Urban,Dialog,32.9,46.8,2562.0,Postpaid,0,109,12.4,Yes,No
CUST1796,Urban,SLT,34.7,86.6,2954.0,Postpaid,1,71,1.7,No,No
CUST1797,Rural,SLT,28.3,70.1,3218.0,Prepaid,1,47,6.7,No,No
CUST1798,Urban,Dialog,11.1,32.3,4551.0,Prepaid,2,67,5.2,No,Yes
CUST1799,Urban,Dialog,23.0,124.7,2337.0,Postpaid,1,31,8.5,Yes,No
CUST1800,Urban,SLT,35.6,210.3,3143.0,Prepaid,1,76,5.5,No,Yes
CUST1801,Rural,Dialog,24.5,253.3,4453.0,Prepaid,0,8,3.1,No,Yes
CUST1802,Rural,Mobitel,30.0,124.9,3200.0,Prepaid,2,89,0.0,No,No
CUST1803,Urban,Airtel,21.8,175.8,3960.0,Postpaid,0,61,0.0,No,No
CUST1804,Urban,Mobitel,14.7,131.6,3360.0,Prepaid,2,44,4.3,No,No
CUST1805,Urban,Dialog,23.8,144.9,3757.0,Postpaid,1,50,9.1,Yes,No
CUST1806,Rural,Mobitel,28.1,102.9,3272.0,Prepaid,2,35,0.0,Yes,No
CUST1807,Rural,SLT,18.4,129.8,4167.0,Prepaid,0,76,10.5,Yes,No
CUST1808,Urban,Dialog,22.6,146.9,1955.0,Prepaid,1,61,8.3,Yes,No
CUST1809,Urban,Dialog,15.6,91.1,3137.0,Prepaid,3,119,1.0,Yes,No
CUST1810,Urban,Dialog,36.2,116.1,3797.0,Postpaid,0,85,1.7,Yes,No
CUST1811,Rural,SLT,22.1,117.1,4034.0,Prepaid,1,90,2.0,Yes,No
CUST1812,Rural,SLT,39.5,161.3,4993.0,Prepaid,1,55,5.9,No,No
CUST1813,Urban,Dialog,40.3,66.7,3109.0,Postpaid,1,66,4.8,No,Yes
CUST1814,Urban,SLT,24.2,117.4,4979.0,Prepaid,0,14,4.7,No,No
CUST1815,Urban,Dialog,14.9,215.6,2841.0,Prepaid,1,110,3.5,Yes,No
CUST1816,Rural,SLT,4.1,178.2,4829.0,Prepaid,0,4,5.5,Yes,Yes
CUST1817,Urban,Dialog,10.3,187.5,4317.0,Postpaid,3,17,7.5,Yes,No
CUST1818,Rural,Airtel,11.3,121.2,2587.0,Postpaid,1,111,4.6,No,Yes
CUST1819,Rural,Airtel,38.8,136.0,3807.0,Prepaid,0,112,3.0,No,Yes
CUST1820,Urban,SLT,26.2,170.1,3449.0,Prepaid,2,69,8.0,Yes,No
CUST1821,Urban,Dialog,28.9,198.0,4126.0,Prepaid,4,24,4.3,No,No
CUST1822,Urban,Dialog,2.8,22.4,3277.0,Prepaid,1,49,6.7,Yes,No
CUST1823,Rural,Airtel,13.0,54.2,3193.0,Postpaid,1,55,4.7,No,No
CUST1824,Rural,Dialog,33.9,185.5,4869.0,Postpaid,0,71,8.3,Yes,Yes
CUST1825,Rural,Dialog,27.9,106.2,3401.0,Prepaid,1,23,8.7,Yes,No
CUST1826,Urban,Dialog,23.5,86.4,4326.0,Postpaid,1,111,8.6,No,No
CUST1827,Urban,SLT,30.6,57.3,3275.0,Prepaid,2,81,3.3,No,No
CUST1828,Rural,SLT,41.4,92.2,5167.0,Prepaid,0,12,3.3,No,Yes
CUST1829,Rural,Airtel,22.8,49.9,2822.0,Prepaid,1,11,7.6,No,Yes
CUST1830,Urban,Dialog,25.7,224.6,2886.0,Prepaid,1,115,4.8,Yes,No
CUST1831,Rural,Dialog,26.9,118.9,5025.0,Postpaid,0,75,4.9,No,No
CUST1832,Rural,Airtel,48.9,117.1,3055.0,Prepaid,1,98,2.9,No,Yes
CUST1833,Urban,Airtel,4.0,149.4,5101.0,Prepaid,1,111,9.2,No,Yes
CUST1834,Rural,Dialog,31.8,168.1,4392.0,Postpaid,0,101,8.1,No,No
CUST1835,Rural,SLT,23.9,167.3,3345.0,Postpaid,1,114,4.6,No,No
CUST1836,Rural,Dialog,30.7,173.7,1687.0,Postpaid,0,29,3.1,No,No
CUST1837,Urban,Mobitel,18.4,88.5,3481.0,Postpaid,2,62,2.9,No,No
CUST1838,Urban,Dialog,24.5,105.1,3602.0,Prepaid,1,53,5.4,No,No
CUST1839,Rural,Mobitel,32.1,158.5,4667.0,Postpaid,2,117,6.2,No,No
CUST1840,Urban,SLT,56.1,93.6,5088.0,Postpaid,3,48,2.4,No,No
CUST1841,Urban,SLT,33.1,119.7,2815.0,Postpaid,1,100,1.3,No,No
CUST1842,Urban,Dialog,16.5,139.9,4301.0,Postpaid,0,91,5.2,Yes,No
CUST1843,Urban,SLT,20.8,159.3,4265.0,Prepaid,0,119,7.6,Yes,No
CUST1844,Rural,SLT,20.5,31.1,4573.0,Postpaid,1,106,5.2,No,No
CUST1845,Rural,Dialog,7.0,155.7,3999.0,Prepaid,0,86,4.3,Yes,No
CUST1846,Urban,SLT,21.7,108.3,1558.0,Prepaid,1,66,1.6,No,No
CUST1847,Urban,Mobitel,32.3,155.4,3345.0,Prepaid,0,111,3.1,No,No
CUST1848,Urban,SLT,12.3,158.8,2344.0,Postpaid,1,100,7.6,No,No
CUST1849,Rural,Airtel,35.5,200.4,3297.0,Prepaid,2,48,1.2,No,No
CUST1850,Rural,Dialog,29.9,187.7,4480.0,Postpaid,1,94,10.3,No,No
CUST1851,Urban,SLT,17.7,187.3,3805.0,Prepaid,2,59,5.3,No,No
CUST1852,Rural,Dialog,23.6,192.2,4648.0,Postpaid,1,71,0.2,Yes,No
CUST1853,Rural,SLT,41.0,134.6,3842.0,Prepaid,1,57,6.5,No,Yes
CUST1854,Rural,Mobitel,32.3,121.6,2202.0,Postpaid,2,76,6.4,No,No
CUST1855,Rural,SLT,25.1,163.6,979.0,Postpaid,0,3,3.7,Yes,Yes
CUST1856,Urban,Dialog,22.6,156.6,3649.0,Prepaid,1,81,7.8,No,Yes
CUST1857,Rural,Dialog,25.8,104.5,3286.0,Prepaid,2,105,3.1,No,No
CUST1858,Urban,SLT,19.9,140.2,2523.0,Postpaid,1,32,6.9,No,No
CUST1859,Rural,SLT,4.0,118.2,1799.0,Postpaid,1,8,4.9,Yes,No
CUST1860,Rural,Airtel,45.4,77.3,2765.0,Postpaid,0,87,4.1,No,No
CUST1861,Rural,Airtel,26.6,184.5,3306.0,Prepaid,0,102,9.0,Yes,No
CUST1862,Rural,SLT,29.0,122.8,4166.0,Postpaid,0,30,8.0,No,No
CUST1863,Urban,Dialog,24.4,222.4,3689.0,Prepaid,3,15,1.7,No,No
CUST1864,Urban,Dialog,17.6,38.7,5108.0,Postpaid,1,74,6.1,No,No
CUST1865,Rural,Dialog,23.1,92.2,2464.0,Postpaid,1,55,10.7,No,No
CUST1866,Rural,Dialog,9.0,121.6,4381.0,Prepaid,1,38,9.1,Yes,No
CUST1867,Urban,SLT,47.8,176.9,3547.0,Postpaid,3,15,2.3,Yes,No
CUST1868,Urban,SLT,12.7,140.0,4195.0,Postpaid,0,30,9.8,Yes,Yes
CUST1869,Urban,SLT,14.7,135.5,3063.0,Postpaid,1,46,7.8,No,No
CUST1870,Rural,Dialog,20.6,63.6,4572.0,Prepaid,0,64,1.9,No,No
CUST1871,Rural,Dialog,37.9,62.2,3795.0,Prepaid,2,26,5.6,Yes,No
CUST1872,Urban,Dialog,25.1,136.1,2821.0,Postpaid,0,115,6.4,Yes,No
CUST1873,Urban,Dialog,12.6,51.8,3488.0,Prepaid,1,109,1.8,No,No
CUST1874,Rural,Airtel,37.5,93.4,3260.0,Prepaid,4,78,7.1,No,No
CUST1875,Rural,Dialog,32.3,145.0,3989.0,Postpaid,0,67,12.3,Yes,No
CUST1876,Urban,SLT,30.4,70.9,2320.0,Prepaid,0,36,9.1,Yes,Yes
CUST1877,Urban,Dialog,32.2,200.3,3471.0,Postpaid,0,90,5.5,Yes,Yes
CUST1878,Urban,Airtel,48.9,181.2,3895.0,Prepaid,0,78,4.2,Yes,No
CUST1879,Urban,SLT,46.9,41.4,3533.0,Prepaid,1,31,6.0,Yes,No
CUST1880,Urban,Dialog,18.1,73.4,4847.0,Postpaid,1,78,2.1,Yes,Yes
CUST1881,Rural,SLT,41.2,5.7,4274.0,Postpaid,2,40,3.6,No,No
CUST1882,Rural,Airtel,28.8,80.9,3493.0,Postpaid,2,74,0.0,No,No
CUST1883,Rural,Mobitel,30.0,158.3,3717.0,Postpaid,1,73,6.3,Yes,No
CUST1884,Rural,Dialog,8.1,99.3,3796.0,Postpaid,2,46,4.0,No,No
CUST1885,Urban,Airtel,23.3,143.0,3903.0,Prepaid,1,104,6.9,No,No
CUST1886,Urban,Mobitel,16.9,43.9,1674.0,Prepaid,4,107,5.4,No,No
CUST1887,Urban,Mobitel,33.3,159.9,3198.0,Prepaid,2,42,2.0,Yes,No
CUST1888,Urban,SLT,35.7,92.2,2016.0,Postpaid,0,18,5.6,No,No
CUST1889,Rural,SLT,4.3,120.6,4778.0,Prepaid,3,100,2.9,No,Yes
CUST1890,Rural,SLT,24.8,115.4,3439.0,Prepaid,3,36,10.0,Yes,Yes
CUST1891,Urban,Airtel,36.2,56.4,3307.0,Prepaid,1,76,2.5,No,No
CUST1892,Urban,SLT,23.1,62.3,4397.0,Prepaid,1,50,3.6,No,No
CUST1893,Rural,SLT,32.3,168.4,3922.0,Prepaid,0,61,2.0,No,No
CUST1894,Urban,SLT,28.5,139.9,2371.0,Postpaid,0,40,1.7,Yes,No
CUST1895,Urban,Airtel,28.4,172.5,3429.0,Prepaid,0,3,5.1,Yes,Yes
CUST1896,Rural,Airtel,22.3,136.2,3165.0,Postpaid,0,82,1.3,No,No
CUST1897,Rural,Dialog,12.8,127.1,1755.0,Postpaid,2,7,4.4,Yes,No
CUST1898,Urban,Airtel,13.8,33.7,2810.0,Prepaid,1,31,6.3,No,Yes
CUST1899,Urban,SLT,32.1,106.5,3316.0,Postpaid,1,65,3.7,Yes,Yes
CUST1900,Rural,Airtel,25.2,118.6,3385.0,Prepaid,0,95,0.0,No,No
CUST1901,Urban,SLT,23.6,217.7,2018.0,Postpaid,1,64,9.0,No,No
CUST1902,Urban,Dialog,20.8,154.3,4652.0,Postpaid,0,118,5.8,Yes,No
CUST1903,Rural,Mobitel,21.9,196.8,3398.0,Postpaid,0,77,5.8,No,No
CUST1904,Urban,Dialog,35.5,149.9,3538.0,Postpaid,0,93,4.3,No,No
CUST1905,Rural,Airtel,21.6,84.4,3901.0,Prepaid,1,3,7.4,Yes,No
CUST1906,Urban,SLT,11.6,125.9,2712.0,Prepaid,3,93,7.8,Yes,Yes
CUST1907,Rural,SLT,32.4,131.8,3956.0,Postpaid,0,35,8.1,Yes,No
CUST1908,Urban,Dialog,23.0,73.0,3133.0,Prepaid,1,15,5.8,Yes,No
CUST1909,Urban,SLT,25.3,100.8,2603.0,Prepaid,1,21,0.9,No,No
CUST1910,Urban,Dialog,41.1,109.7,4073.0,Prepaid,2,62,6.2,No,No
CUST1911,Urban,Dialog,24.8,200.3,4992.0,Postpaid,1,83,5.8,Yes,No
CUST1912,Rural,Dialog,27.9,16.0,4225.0,Prepaid,0,28,3.4,Yes,No
CUST1913,Rural,Dialog,13.2,180.3,4423.0,Postpaid,0,4,2.6,Yes,Yes
CUST1914,Urban,Mobitel,22.8,73.2,2979.0,Prepaid,0,109,6.6,No,No
CUST1915,Urban,Mobitel,31.1,51.4,1902.0,Prepaid,1,13,4.8,Yes,No
CUST1916,Rural,Dialog,9.4,179.0,4990.0,Postpaid,2,79,3.8,No,Yes
CUST1917,Rural,Airtel,27.0,156.6,5555.0,Prepaid,1,51,10.0,Yes,Yes
CUST1918,Urban,Dialog,26.0,182.7,5043.0,Postpaid,0,48,7.0,No,No
CUST1919,Urban,SLT,25.4,160.0,3164.0,Prepaid,2,39,6.3,Yes,No
CUST1920,Urban,Airtel,35.4,223.0,2345.0,Prepaid,0,96,8.7,No,No
CUST1921,Rural,Mobitel,28.3,147.9,2434.0,Prepaid,1,67,6.0,No,No
CUST1922,Urban,SLT,39.8,112.2,1816.0,Postpaid,0,94,2.9,No,No
CUST1923,Rural,Airtel,15.1,137.1,3393.0,Postpaid,1,58,3.8,No,No
CUST1924,Urban,Dialog,26.4,182.2,5106.0,Postpaid,1,84,7.2,No,No
CUST1925,Rural,Mobitel,25.8,81.0,3358.0,Prepaid,1,2,6.9,No,No
CUST1926,Urban,Dialog,14.3,87.4,3802.0,Postpaid,1,114,6.3,No,Yes
CUST1927,Urban,SLT,34.6,104.6,4876.0,Prepaid,1,25,1.6,No,No
CUST1928,Urban,SLT,48.2,14.8,3096.0,Postpaid,1,11,7.4,No,Yes
CUST1929,Rural,SLT,24.8,126.9,5536.0,Postpaid,0,1,4.8,No,Yes
CUST1930,Urban,Dialog,30.1,25.7,5492.0,Postpaid,0,48,6.8,Yes,No
CUST1931,Urban,Mobitel,25.8,122.7,3369.0,Prepaid,0,113,2.5,No,No
CUST1932,Urban,Dialog,17.9,163.3,2922.0,Postpaid,2,48,10.9,No,No
CUST1933,Urban,SLT,6.8,96.2,4197.0,Prepaid,3,10,5.7,Yes,Yes
CUST1934,Rural,Dialog,17.9,203.9,3152.0,Postpaid,1,81,3.7,No,No
CUST1935,Rural,Dialog,11.1,47.0,2343.0,Prepaid,1,30,6.9,Yes,No
CUST1936,Rural,SLT,42.0,179.6,4781.0,Prepaid,3,35,7.6,No,Yes
CUST1937,Urban,SLT,23.8,153.8,4716.0,Prepaid,1,114,6.9,No,No
CUST1938,Rural,Dialog,21.5,34.2,3656.0,Prepaid,0,19,2.0,Yes,Yes
CUST1939,Urban,Dialog,33.9,255.5,2237.0,Prepaid,1,110,8.4,No,No
CUST1940,Urban,SLT,13.8,116.8,2270.0,Postpaid,1,53,4.0,Yes,No
CUST1941,Urban,Airtel,17.3,76.1,3607.0,Postpaid,1,34,5.0,Yes,No
CUST1942,Urban,Airtel,25.7,49.6,3000.0,Postpaid,0,32,0.0,Yes,Yes
CUST1943,Rural,Dialog,35.3,109.0,3159.0,Postpaid,1,76,3.6,No,No
CUST1944,Rural,Dialog,30.0,113.6,4522.0,Prepaid,2,107,3.6,No,No
CUST1945,Rural,Dialog,27.5,125.1,4233.0,Postpaid,1,81,6.4,Yes,Yes
CUST1946,Urban,Dialog,25.8,105.1,4878.0,Prepaid,1,6,3.4,No,No
CUST1947,Urban,SLT,29.0,151.7,2509.0,Postpaid,1,115,0.1,Yes,No
CUST1948,Urban,SLT,27.0,100.6,3157.0,Prepaid,1,13,5.7,No,No
CUST1949,Urban,Dialog,14.7,23.3,4259.0,Prepaid,3,103,4.2,Yes,Yes
CUST1950,Urban,Dialog,25.5,112.5,3948.0,Prepaid,1,86,2.8,Yes,No
CUST1951,Urban,Dialog,14.3,1.6,5032.0,Prepaid,1,75,5.3,Yes,Yes
CUST1952,Urban,Airtel,25.8,137.7,3921.0,Prepaid,1,64,0.0,No,No
CUST1953,Urban,Mobitel,20.2,71.0,5348.0,Prepaid,2,7,6.9,No,No
CUST1954,Rural,Dialog,50.4,128.2,4040.0,Postpaid,2,45,4.5,No,No
CUST1955,Rural,Dialog,24.6,185.7,4562.0,Postpaid,1,45,4.2,Yes,No
CUST1956,Rural,Airtel,11.0,72.6,3176.0,Prepaid,3,85,7.9,No,Yes
CUST1957,Rural,Mobitel,23.7,173.1,3514.0,Prepaid,2,65,3.4,No,No
CUST1958,Urban,SLT,30.2,98.3,4411.0,Postpaid,2,94,5.8,Yes,No
CUST1959,Rural,Dialog,41.7,207.7,5113.0,Prepaid,2,19,4.6,Yes,No
CUST1960,Rural,Dialog,19.1,101.7,4229.0,Postpaid,2,115,14.6,Yes,Yes
CUST1961,Urban,SLT,9.2,78.0,3417.0,Prepaid,1,119,6.5,No,No
CUST1962,Urban,Dialog,33.2,154.4,4877.0,Postpaid,0,47,1.6,No,No
CUST1963,Rural,Dialog,11.2,98.2,1308.0,Postpaid,1,46,10.3,No,No
CUST1964,Urban,SLT,20.6,77.9,2078.0,Postpaid,1,29,8.1,Yes,No
CUST1965,Urban,Dialog,22.4,96.1,4182.0,Postpaid,0,99,5.1,Yes,No
CUST1966,Urban,Airtel,24.3,117.8,3514.0,Prepaid,0,117,3.7,No,No
CUST1967,Urban,Dialog,31.9,187.1,4106.0,Prepaid,3,84,1.0,Yes,Yes
CUST1968,Urban,Dialog,18.2,23.3,3564.0,Postpaid,1,100,6.3,No,Yes
CUST1969,Urban,SLT,22.3,121.2,4071.0,Postpaid,2,61,3.0,No,No
CUST1970,Urban,Dialog,24.9,151.2,2686.0,Prepaid,5,103,2.4,Yes,No
CUST1971,Urban,Mobitel,26.5,129.7,4070.0,Postpaid,0,65,7.3,No,No
CUST1972,Rural,SLT,26.0,185.5,4494.0,Prepaid,1,23,9.6,No,Yes
CUST1973,Urban,Dialog,29.4,116.3,4721.0,Prepaid,0,95,3.6,No,No
CUST1974,Urban,Airtel,33.4,110.8,5514.0,Postpaid,0,51,7.4,No,Yes
CUST1975,Urban,Dialog,28.9,149.6,3744.0,Prepaid,0,63,5.6,Yes,No
CUST1976,Rural,Mobitel,29.5,125.0,3774.0,Postpaid,1,99,6.1,No,No
CUST1977,Urban,Dialog,9.2,100.5,1977.0,Prepaid,1,116,2.5,No,No
CUST1978,Urban,SLT,25.5,145.8,2969.0,Prepaid,1,111,4.4,No,No
CUST1979,Rural,Dialog,29.8,87.4,3307.0,Postpaid,0,109,1.7,No,No
CUST1980,Rural,SLT,32.3,89.4,4550.0,Postpaid,1,22,1.3,No,No
CUST1981,Urban,Airtel,18.1,93.6,2889.0,Prepaid,0,110,6.6,Yes,No
CUST1982,Rural,Airtel,18.4,187.7,4296.0,Prepaid,1,71,3.4,Yes,Yes
CUST1983,Urban,Dialog,19.3,1.0,3498.0,Prepaid,1,33,2.3,Yes,No
CUST1984,Urban,Dialog,30.4,139.8,3323.0,Prepaid,0,109,1.4,Yes,No
CUST1985,Urban,Airtel,35.3,121.7,3749.0,Postpaid,2,100,0.5,Yes,No
CUST1986,Urban,Mobitel,20.9,36.0,3109.0,Postpaid,0,44,0.0,Yes,No
CUST1987,Rural,Dialog,34.1,135.5,3071.0,Prepaid,2,7,5.3,No,Yes
CUST1988,Urban,SLT,26.2,143.8,1795.0,Prepaid,1,91,0.0,No,No
CUST1989,Urban,Dialog,23.8,149.5,3252.0,Postpaid,1,2,6.4,No,Yes
CUST1990,Rural,Airtel,22.9,1.0,3020.0,Postpaid,1,17,6.4,No,No
CUST1991,Rural,Dialog,32.5,188.3,2984.0,Postpaid,1,65,4.7,Yes,No
CUST1992,Urban,Dialog,28.3,83.1,3917.0,Postpaid,1,58,5.2,No,No
CUST1993,Rural,Airtel,47.8,154.3,4159.0,Prepaid,0,110,4.1,No,No
CUST1994,Urban,Dialog,16.5,157.1,3732.0,Prepaid,1,30,5.7,Yes,No
CUST1995,Rural,SLT,30.2,76.2,4495.0,Postpaid,1,86,5.6,No,Yes
CUST1996,Rural,SLT,19.7,153.0,4076.0,Postpaid,1,92,8.9,Yes,No
CUST1997,Rural,Dialog,16.3,100.7,3205.0,Prepaid,1,117,9.6,Yes,No
CUST1998,Urban,Dialog,24.9,16.4,3037.0,Prepaid,0,97,9.5,Yes,No
CUST1999,Urban,SLT,26.4,178.4,3813.0,Prepaid,3,26,2.6,No,Yes
CUST2000,Urban,Dialog,54.2,81.2,4074.0,Postpaid,1,35,7.3,No,No
